step,cd_proxy,cl_proxy,mass,effective_re,tau,probe_vorticity,max_speed
1,324.9986496189,-0.0978639788,1.0000000000,100.000000,0.54628571,0.0000012589,0.0450159966
3,46.9663344375,-0.1485458039,1.0000004080,100.000000,0.54628571,0.0000012668,0.0529054301
5,96.9989812856,-0.1298573548,1.0000013120,100.000000,0.54628571,0.0000012748,0.0536013098
7,117.4814552384,-0.1206308988,1.0000016380,100.000000,0.54628571,0.0000012828,0.0561222775
9,50.6198478359,-0.1212368556,1.0000026456,100.000000,0.54628571,0.0000012908,0.0597480543
11,96.0280311611,-0.1124596368,1.0000036470,100.000000,0.54628571,0.0000012988,0.0586510163
13,64.5067405308,-0.1106864068,1.0000047937,100.000000,0.54628571,0.0000013069,0.0609264176
15,63.6533649400,-0.1068707549,1.0000062640,100.000000,0.54628571,0.0000013150,0.0605705225
17,71.1376445300,-0.1038417807,1.0000077121,100.000000,0.54628571,0.0000013231,0.0618294552
19,52.0434450725,-0.1015993547,1.0000093636,100.000000,0.54628571,0.0000013313,0.0638134457
21,61.3032667870,-0.0983958010,1.0000110675,100.000000,0.54628571,0.0000013395,0.0659430192
23,53.2013718509,-0.0961021451,1.0000128637,100.000000,0.54628571,0.0000013477,0.0679590558
25,49.5385346867,-0.0932482436,1.0000148203,100.000000,0.54628571,0.0000013560,0.0692122106
27,51.7068927818,-0.0904906750,1.0000168439,100.000000,0.54628571,0.0000013643,0.0704121147
29,44.6364532495,-0.0875407113,1.0000189996,100.000000,0.54628571,0.0000013726,0.0719022485
31,45.8013634841,-0.0843702913,1.0000212366,100.000000,0.54628571,0.0000013810,0.0728852707
33,42.9650945531,-0.0811881397,1.0000235521,100.000000,0.54628571,0.0000013894,0.0741115533
35,40.1520787803,-0.0777098226,1.0000259726,100.000000,0.54628571,0.0000013978,0.0754215973
37,40.1826831092,-0.0741536749,1.0000284654,100.000000,0.54628571,0.0000014063,0.0765874397
39,36.9307929727,-0.0704091884,1.0000310526,100.000000,0.54628571,0.0000014148,0.0777754059
41,36.1705729408,-0.0664929109,1.0000337211,100.000000,0.54628571,0.0000014234,0.0787055017
43,34.6851573513,-0.0624185785,1.0000364652,100.000000,0.54628571,0.0000014320,0.0795865566
45,32.7439662381,-0.0581506107,1.0000392942,100.000000,0.54628571,0.0000014406,0.0803210538
47,32.0781857017,-0.0537527798,1.0000421957,100.000000,0.54628571,0.0000014493,0.0809488956
49,30.3015838287,-0.0492107754,1.0000451750,100.000000,0.54628571,0.0000014580,0.0815335630
51,29.2417820839,-0.0445591284,1.0000482282,100.000000,0.54628571,0.0000014667,0.0820701882
53,28.1623227019,-0.0398063317,1.0000513516,100.000000,0.54628571,0.0000014755,0.0826094341
55,26.7814006049,-0.0349608886,1.0000545484,100.000000,0.54628571,0.0000014843,0.0830925255
57,25.9402563094,-0.0300428883,1.0000578135,100.000000,0.54628571,0.0000014925,0.0835144916
59,24.7676820141,-0.0250530706,1.0000611478,100.000000,0.54628571,0.0000014985,0.0838491113
61,23.8089031081,-0.0200137631,1.0000645501,100.000000,0.54628571,0.0000015058,0.0840941774
63,22.9493241253,-0.0149316284,1.0000680182,100.000000,0.54628571,0.0000015282,0.0842671554
65,21.9591356630,-0.0097936217,1.0000715528,100.000000,0.54628571,0.0000015404,0.0843803140
67,21.1949154146,-0.0045293664,1.0000751513,100.000000,0.54628571,0.0000015189,0.0844600732
69,20.3471583096,0.0010246086,1.0000788131,100.000000,0.54628571,0.0000015538,0.0845128698
71,19.5629857345,0.0070943587,1.0000825377,100.000000,0.54628571,0.0000015653,0.0846575471
73,18.8573596167,0.0138353767,1.0000863239,100.000000,0.54628571,0.0000015480,0.0848157916
75,18.1104251353,0.0211045672,1.0000901714,100.000000,0.54628571,0.0000015945,0.0849220428
77,17.4636791951,0.0283584782,1.0000940791,100.000000,0.54628571,0.0000015667,0.0849771287
79,16.8174451860,0.0348425388,1.0000980462,100.000000,0.54628571,0.0000016090,0.0849851664
81,16.2012765766,0.0400136399,1.0001020720,100.000000,0.54628571,0.0000015922,0.0849589604
83,15.6408504164,0.0438789099,1.0001061557,100.000000,0.54628571,0.0000016246,0.0849116417
85,15.0784364656,0.0468995513,1.0001102968,100.000000,0.54628571,0.0000016172,0.0849617334
87,14.5654229238,0.0495165140,1.0001144947,100.000000,0.54628571,0.0000016427,0.0850296613
89,14.0696633036,0.0518300445,1.0001187487,100.000000,0.54628571,0.0000016377,0.0850738238
91,13.5928505441,0.0537626017,1.0001230581,100.000000,0.54628571,0.0000016676,0.0850913217
93,13.1503684484,0.0553295391,1.0001274222,100.000000,0.54628571,0.0000017009,0.0850792756
95,12.7191033620,0.0566182000,1.0001318390,100.000000,0.54628571,0.0000018534,0.0850353893
97,12.3171095664,0.0576637118,1.0001363015,100.000000,0.54628571,0.0000021753,0.0849599177
99,11.9360125792,0.0584767503,1.0001407848,100.000000,0.54628571,0.0000028159,0.0848551694
101,11.5734825792,0.0590864823,1.0001452051,100.000000,0.54628571,0.0000036833,0.0847264838
103,11.2367389104,0.0594777529,1.0001493146,100.000000,0.54628571,0.0000044052,0.0845798631
105,10.9159932122,0.0595791346,1.0001524780,100.000000,0.54628571,0.0000042990,0.0844204428
107,10.6153571307,0.0593543593,1.0001533111,100.000000,0.54628571,0.0000029760,0.0842509235
109,10.3319174702,0.0588416003,1.0001493762,100.000000,0.54628571,0.0000007650,0.0840717273
111,10.0628221979,0.0581037951,1.0001375400,100.000000,0.54628571,-0.0000015315,0.0838813288
113,9.8113522167,0.0571881457,1.0001155373,100.000000,0.54628571,-0.0000033081,0.0836778603
115,9.5744038010,0.0561170325,1.0000837392,100.000000,0.54628571,-0.0000041539,0.0834606457
117,9.3534626682,0.0548795285,1.0000449241,100.000000,0.54628571,-0.0000032942,0.0832304685
119,9.1482234860,0.0534313856,1.0000021020,100.000000,0.54628571,0.0000003461,0.0829891285
121,8.9569414740,0.0517165677,0.9999569335,100.000000,0.54628571,0.0000060855,0.0827387836
123,8.7805929881,0.0497039736,0.9999099381,100.000000,0.54628571,0.0000092974,0.0825899944
125,8.6182952093,0.0474159066,0.9998613748,100.000000,0.54628571,0.0000054645,0.0824505745
127,8.4717555462,0.0449116358,0.9998116057,100.000000,0.54628571,-0.0000013697,0.0823069037
129,8.3435533987,0.0422342811,0.9997609341,100.000000,0.54628571,-0.0000018230,0.0821596235
131,8.2353852568,0.0393834275,0.9997095007,100.000000,0.54628571,0.0000042084,0.0820094317
133,8.1482899155,0.0363327194,0.9996574381,100.000000,0.54628571,0.0000068240,0.0818569234
135,8.0795039911,0.0330435162,0.9996050194,100.000000,0.54628571,0.0000018467,0.0817024594
137,8.0244202351,0.0294484643,0.9995526126,100.000000,0.54628571,-0.0000030315,0.0815472596
139,7.9790219881,0.0254323022,0.9995005666,100.000000,0.54628571,-0.0000011431,0.0813968240
141,7.9429326660,0.0208368256,0.9994491608,100.000000,0.54628571,0.0000032570,0.0812647887
143,7.9222755761,0.0154993201,0.9993985948,100.000000,0.54628571,0.0000040281,0.0811717147
145,7.9272354258,0.0093290890,0.9993489818,100.000000,0.54628571,0.0000026666,0.0811606512
147,7.9674802857,0.0023995835,0.9993003726,100.000000,0.54628571,0.0000026058,0.0811952840
149,8.0481338408,-0.0050058620,0.9992527937,100.000000,0.54628571,0.0000025555,0.0812518084
151,8.1697352537,-0.0124491888,0.9992062484,100.000000,0.54628571,0.0000010184,0.0813041158
153,8.3304114439,-0.0194899322,0.9991606967,100.000000,0.54628571,0.0000001283,0.0813330815
155,8.5250951208,-0.0258640811,0.9991160780,100.000000,0.54628571,0.0000012874,0.0813331994
157,8.7442690665,-0.0315751255,0.9990723789,100.000000,0.54628571,0.0000026517,0.0813166578
159,8.9752754523,-0.0368103350,0.9990296739,100.000000,0.54628571,0.0000027349,0.0813105025
161,9.2060853945,-0.0417300670,0.9989881008,100.000000,0.54628571,0.0000022785,0.0813253752
163,9.4291574763,-0.0463200442,0.9989477950,100.000000,0.54628571,0.0000020567,0.0813969189
165,9.6423124833,-0.0504519622,0.9989088335,100.000000,0.54628571,0.0000019174,0.0814269017
167,9.8470304030,-0.0540669553,0.9988712233,100.000000,0.54628571,0.0000017917,0.0815054772
169,10.0461509161,-0.0572597515,0.9988349305,100.000000,0.54628571,0.0000018713,0.0816024790
171,10.2419223232,-0.0601847674,0.9987999197,100.000000,0.54628571,0.0000020865,0.0816963447
173,10.4341991880,-0.0629303082,0.9987661768,100.000000,0.54628571,0.0000021784,0.0817775750
175,10.6189640312,-0.0655114161,0.9987337079,100.000000,0.54628571,0.0000020833,0.0818203496
177,10.7889997006,-0.0679431745,0.9987025265,100.000000,0.54628571,0.0000019801,0.0818760297
179,10.9374788189,-0.0702628312,0.9986726398,100.000000,0.54628571,0.0000020112,0.0819192722
181,11.0621653186,-0.0724797845,0.9986440445,100.000000,0.54628571,0.0000021233,0.0819491027
183,11.1666341435,-0.0745460039,0.9986167303,100.000000,0.54628571,0.0000022475,0.0819661679
185,11.2571025358,-0.0763904428,0.9985906853,100.000000,0.54628571,0.0000024166,0.0819732320
187,11.3375639957,-0.0779561351,0.9985658981,100.000000,0.54628571,0.0000026367,0.0819783742
189,11.4073738955,-0.0791786384,0.9985423584,100.000000,0.54628571,0.0000028529,0.0819880651
191,11.4630061722,-0.0799183078,0.9985200564,100.000000,0.54628571,0.0000030298,0.0819927305
193,11.5026219337,-0.0798911371,0.9984989814,100.000000,0.54628571,0.0000031031,0.0819905333
195,11.5309435708,-0.0786241937,0.9984791192,100.000000,0.54628571,0.0000029410,0.0819812570
197,11.5626142045,-0.0754507334,0.9984604501,100.000000,0.54628571,0.0000024759,0.0819663540
199,11.6231159946,-0.0695724601,0.9984429476,100.000000,0.54628571,0.0000017924,0.0819473387
201,11.7462716485,-0.0602290737,0.9984265813,100.000000,0.54628571,0.0000010607,0.0819244796
203,11.9663304771,-0.0469994218,0.9984113207,100.000000,0.54628571,0.0000004597,0.0818967871
205,12.3025673306,-0.0301816887,0.9983971374,100.000000,0.54628571,0.0000001554,0.0818628496
207,12.7390791614,-0.0110717036,0.9983840065,100.000000,0.54628571,0.0000002845,0.0818219714
209,13.2123860608,0.0081180960,0.9983719039,100.000000,0.54628571,0.0000009128,0.0817752836
211,13.6243800359,0.0248489329,0.9983608040,100.000000,0.54628571,0.0000019370,0.0817259895
213,13.8837326020,0.0371979886,0.9983506778,100.000000,0.54628571,0.0000029715,0.0816779198
215,13.9510228800,0.0446670286,0.9983414928,100.000000,0.54628571,0.0000034343,0.0816331853
217,13.8531121903,0.0483123191,0.9983332136,100.000000,0.54628571,0.0000029672,0.0815913146
219,13.6567909890,0.0500277430,0.9983258041,100.000000,0.54628571,0.0000018780,0.0815516207
221,13.4253974468,0.0514259860,0.9983192284,100.000000,0.54628571,0.0000010358,0.0815182096
223,13.1916807689,0.0530971493,0.9983134523,100.000000,0.54628571,0.0000011758,0.0815055373
225,12.9599952363,0.0547137215,0.9983084430,100.000000,0.54628571,0.0000022962,0.0815609330
227,12.7234861131,0.0557285782,0.9983041698,100.000000,0.54628571,0.0000037283,0.0821946971
229,12.4753992822,0.0559630838,0.9983006032,100.000000,0.54628571,0.0000047103,0.0830464667
231,12.2103251118,0.0556317238,0.9982977147,100.000000,0.54628571,0.0000048740,0.0839039788
233,11.9248996040,0.0549807482,0.9982954748,100.000000,0.54628571,0.0000042930,0.0846254831
235,11.6219282657,0.0540326270,0.9982938518,100.000000,0.54628571,0.0000032311,0.0852908425
237,11.3115568464,0.0526596704,0.9982928119,100.000000,0.54628571,0.0000019706,0.0857320723
239,11.0056492912,0.0507858064,0.9982923196,100.000000,0.54628571,0.0000008683,0.0859928160
241,10.7109768707,0.0484501731,0.9982923388,100.000000,0.54628571,0.0000003835,0.0861096934
243,10.4278501803,0.0457267797,0.9982928332,100.000000,0.54628571,0.0000008089,0.0862565490
245,10.1535833203,0.0426628307,0.9982937689,100.000000,0.54628571,0.0000019031,0.0863433582
247,9.8859530022,0.0392983775,0.9982951176,100.000000,0.54628571,0.0000029433,0.0863376393
249,9.6242077454,0.0356899006,0.9982968648,100.000000,0.54628571,0.0000032969,0.0862915645
251,9.3685092124,0.0318862672,0.9982990247,100.000000,0.54628571,0.0000029352,0.0862212637
253,9.1192079040,0.0279017905,0.9983016668,100.000000,0.54628571,0.0000023500,0.0861329431
255,8.8765035948,0.0237305081,0.9983049570,100.000000,0.54628571,0.0000020330,0.0860438002
257,8.6405950180,0.0193771318,0.9983092145,100.000000,0.54628571,0.0000020978,0.0859760052
259,8.4122765092,0.0148654029,0.9983149762,100.000000,0.54628571,0.0000023490,0.0859369432
261,8.1935935447,0.0102270108,0.9983230529,100.000000,0.54628571,0.0000025881,0.0859128766
263,7.9879747393,0.0054933549,0.9983345535,100.000000,0.54628571,0.0000027726,0.0858827805
265,7.7997525667,0.0006939086,0.9983508541,100.000000,0.54628571,0.0000029164,0.0858348176
267,7.6336749885,-0.0041454947,0.9983735056,100.000000,0.54628571,0.0000029552,0.0857700836
269,7.4949170452,-0.0090033046,0.9984040876,100.000000,0.54628571,0.0000027947,0.0856970615
271,7.3893074940,-0.0138592249,0.9984440327,100.000000,0.54628571,0.0000024712,0.0856275482
273,7.3229320551,-0.0186916718,0.9984944431,100.000000,0.54628571,0.0000021860,0.0855760325
275,7.3004266070,-0.0234790103,0.9985559186,100.000000,0.54628571,0.0000021413,0.0855573287
277,7.3220081163,-0.0282012415,0.9986284061,100.000000,0.54628571,0.0000023545,0.0855807457
279,7.3803803533,-0.0328380221,0.9987110874,100.000000,0.54628571,0.0000026574,0.0856446078
281,7.4595003599,-0.0373632640,0.9988023377,100.000000,0.54628571,0.0000028652,0.0857346897
283,7.5368759546,-0.0417401736,0.9988998141,100.000000,0.54628571,0.0000029207,0.0858270980
285,7.5893405302,-0.0459225474,0.9990007436,100.000000,0.54628571,0.0000028816,0.0858949139
287,7.6000989738,-0.0498661157,0.9991024186,100.000000,0.54628571,0.0000028147,0.0859172348
289,7.5637363450,-0.0535443877,0.9992027627,100.000000,0.54628571,0.0000027388,0.0858870902
291,7.4867050738,-0.0569540922,0.9993006864,100.000000,0.54628571,0.0000026577,0.0858133913
293,7.3831815752,-0.0601002421,0.9993960191,100.000000,0.54628571,0.0000026031,0.0857148153
295,7.2686280004,-0.0629705108,0.9994890947,100.000000,0.54628571,0.0000026196,0.0856089913
297,7.1543497783,-0.0655231371,0.9995803147,100.000000,0.54628571,0.0000027140,0.0855037424
299,7.0453324227,-0.0677037413,0.9996699619,100.000000,0.54628571,0.0000028373,0.0853954728
301,6.9415189805,-0.0694807000,0.9997582670,100.000000,0.54628571,0.0000029208,0.0852746805
303,6.8408525567,-0.0708712620,0.9998455185,100.000000,0.54628571,0.0000029282,0.0851341407
305,6.7418807661,-0.0719381470,0.9999320353,100.000000,0.54628571,0.0000028755,0.0850196621
307,6.6446373522,-0.0727610477,1.0000180112,100.000000,0.54628571,0.0000028115,0.0848964412
309,6.5500720249,-0.0734064438,1.0001033798,100.000000,0.54628571,0.0000027829,0.0847551967
311,6.4592315860,-0.0739170547,1.0001878131,100.000000,0.54628571,0.0000028069,0.0846024183
313,6.3730399331,-0.0743233824,1.0002708430,100.000000,0.54628571,0.0000028671,0.0844463129
315,6.2924934473,-0.0746611431,1.0003520123,100.000000,0.54628571,0.0000029287,0.0842929767
317,6.2185761518,-0.0749746210,1.0004309788,100.000000,0.54628571,0.0000029641,0.0841455384
319,6.1516662371,-0.0752994936,1.0005075462,100.000000,0.54628571,0.0000029686,0.0840052051
321,6.0909858381,-0.0756380100,1.0005816382,100.000000,0.54628571,0.0000029577,0.0838726182
323,6.0347794139,-0.0759474419,1.0006532494,100.000000,0.54628571,0.0000029502,0.0837484350
325,5.9812359180,-0.0761524546,1.0007224036,100.000000,0.54628571,0.0000029561,0.0836331860
327,5.9294587511,-0.0761736948,1.0007891303,100.000000,0.54628571,0.0000029742,0.0835270642
329,5.8797690005,-0.0759543071,1.0008534544,100.000000,0.54628571,0.0000029984,0.0834300278
331,5.8332457694,-0.0754695041,1.0009153935,100.000000,0.54628571,0.0000030225,0.0833420054
333,5.7909890791,-0.0747163462,1.0009749631,100.000000,0.54628571,0.0000030426,0.0832627440
335,5.7536232076,-0.0736920572,1.0010321884,100.000000,0.54628571,0.0000030573,0.0831911804
337,5.7212019680,-0.0723731289,1.0010871155,100.000000,0.54628571,0.0000030681,0.0831247663
339,5.6933988461,-0.0707039607,1.0011398156,100.000000,0.54628571,0.0000030785,0.0830594337
341,5.6698263614,-0.0685972746,1.0011903807,100.000000,0.54628571,0.0000030926,0.0829905844
343,5.6503706214,-0.0659435087,1.0012389163,100.000000,0.54628571,0.0000031130,0.0829148326
345,5.6354262157,-0.0626246454,1.0012855311,100.000000,0.54628571,0.0000031397,0.0828316639
347,5.6259408545,-0.0585291679,1.0013303253,100.000000,0.54628571,0.0000031701,0.0827440772
349,5.6232911733,-0.0535676592,1.0013733819,100.000000,0.54628571,0.0000032006,0.0826577125
351,5.6291112979,-0.0476905637,1.0014147628,100.000000,0.54628571,0.0000032284,0.0825787283
353,5.6451696152,-0.0409084882,1.0014545144,100.000000,0.54628571,0.0000032540,0.0825113822
355,5.6732783521,-0.0333109873,1.0014926773,100.000000,0.54628571,0.0000032816,0.0824564887
357,5.7151582136,-0.0250751402,1.0015292958,100.000000,0.54628571,0.0000033162,0.0824114993
359,5.7722170955,-0.0164548892,1.0015644210,100.000000,0.54628571,0.0000033583,0.0823720801
361,5.8452746952,-0.0077483525,1.0015981092,100.000000,0.54628571,0.0000033978,0.0823342869
363,5.9343153010,0.0007493223,1.0016304157,100.000000,0.54628571,0.0000034125,0.0822962242
365,6.0383741355,0.0087917476,1.0016613922,100.000000,0.54628571,0.0000033740,0.0822584889
367,6.1556481414,0.0162096822,1.0016910859,100.000000,0.54628571,0.0000032638,0.0822234052
369,6.2838387466,0.0229147974,1.0017195436,100.000000,0.54628571,0.0000030951,0.0821936131
371,6.4205970375,0.0288840656,1.0017468143,100.000000,0.54628571,0.0000029257,0.0821707318
373,6.5638471188,0.0341377059,1.0017729500,100.000000,0.54628571,0.0000028406,0.0821546380
375,6.7118074780,0.0387217890,1.0017980032,100.000000,0.54628571,0.0000029015,0.0821435330
377,6.8627066055,0.0426980679,1.0018220226,100.000000,0.54628571,0.0000030917,0.0821347603
379,7.0143886970,0.0461361689,1.0018450476,100.000000,0.54628571,0.0000033073,0.0821256768
381,7.1641006823,0.0491027590,1.0018671053,100.000000,0.54628571,0.0000034171,0.0821135979
383,7.3086777835,0.0516477199,1.0018882086,100.000000,0.54628571,0.0000033548,0.0820970335
385,7.4451272980,0.0537925021,1.0019083572,100.000000,0.54628571,0.0000031743,0.0820844842
387,7.5713583738,0.0555254631,1.0019275400,100.000000,0.54628571,0.0000030209,0.0820718054
389,7.6866704142,0.0568036058,1.0019457394,100.000000,0.54628571,0.0000030349,0.0820532940
391,7.7917019191,0.0575550221,1.0019629379,100.000000,0.54628571,0.0000032518,0.0820282599
393,7.8878293304,0.0576764186,1.0019791257,100.000000,0.54628571,0.0000035713,0.0819969880
395,7.9763241263,0.0570254293,1.0019943103,100.000000,0.54628571,0.0000038182,0.0819609747
397,8.0577204687,0.0554138086,1.0020085236,100.000000,0.54628571,0.0000038526,0.0819228116
399,8.1317172997,0.0526108160,1.0020218259,100.000000,0.54628571,0.0000036528,0.0818856508
401,8.1976178548,0.0483651328,1.0020343042,100.000000,0.54628571,0.0000033150,0.0818523533
403,8.2549962820,0.0424497764,1.0020460645,100.000000,0.54628571,0.0000029805,0.0818245936
405,8.3041611727,0.0347283760,1.0020572207,100.000000,0.54628571,0.0000027539,0.0818022601
407,8.3461171777,0.0252323393,1.0020678817,100.000000,0.54628571,0.0000026727,0.0817833986
409,8.3820153234,0.0142277748,1.0020781412,100.000000,0.54628571,0.0000027310,0.0817647297
411,8.4123583807,0.0022431760,1.0020880705,100.000000,0.54628571,0.0000029130,0.0817425508
413,8.4363523232,-0.0099691046,1.0020977167,100.000000,0.54628571,0.0000031966,0.0817137029
415,8.4517332014,-0.0215479782,1.0021071045,100.000000,0.54628571,0.0000035290,0.0816763037
417,8.4551980912,-0.0316968879,1.0021162416,100.000000,0.54628571,0.0000038134,0.0816300801
419,8.4433104583,-0.0398663081,1.0021251258,100.000000,0.54628571,0.0000039332,0.0815763118
421,8.4135377327,-0.0458801039,1.0021337526,100.000000,0.54628571,0.0000038102,0.0815175107
423,8.3650229491,-0.0499513933,1.0021421215,100.000000,0.54628571,0.0000034591,0.0814571088
425,8.2988379493,-0.0525740959,1.0021502413,100.000000,0.54628571,0.0000029998,0.0813989807
427,8.2177294089,-0.0543310836,1.0021581314,100.000000,0.54628571,0.0000026056,0.0813464418
429,8.1255813174,-0.0557000846,1.0021658227,100.000000,0.54628571,0.0000024104,0.0813028602
431,8.0268454486,-0.0569383819,1.0021733566,100.000000,0.54628571,0.0000024332,0.0812711671
433,7.9260434939,-0.0580831528,1.0021807837,100.000000,0.54628571,0.0000025772,0.0812538407
435,7.8272743615,-0.0590411887,1.0021881619,100.000000,0.54628571,0.0000027022,0.0812529928
437,7.7336439645,-0.0596992824,1.0021955547,100.000000,0.54628571,0.0000027137,0.0812735043
439,7.6467085974,-0.0599908209,1.0022030278,100.000000,0.54628571,0.0000026036,0.0813222309
441,7.5662249143,-0.0598978726,1.0022106459,100.000000,0.54628571,0.0000024272,0.0813913211
443,7.4904956589,-0.0594162071,1.0022184697,100.000000,0.54628571,0.0000022485,0.0814788479
445,7.4173076203,-0.0585282784,1.0022265529,100.000000,0.54628571,0.0000020992,0.0815800915
447,7.3450598055,-0.0572087389,1.0022349411,100.000000,0.54628571,0.0000019748,0.0816877339
449,7.2734945842,-0.0554519942,1.0022436711,100.000000,0.54628571,0.0000018569,0.0817929522
451,7.2036496540,-0.0532929842,1.0022527712,100.000000,0.54628571,0.0000017371,0.0818870808
453,7.1371144837,-0.0508025653,1.0022622613,100.000000,0.54628571,0.0000016204,0.0819632386
455,7.0750715379,-0.0480628956,1.0022721532,100.000000,0.54628571,0.0000015141,0.0820173746
457,7.0176700732,-0.0451426903,1.0022824499,100.000000,0.54628571,0.0000014162,0.0820485146
459,6.9640151025,-0.0420873799,1.0022931467,100.000000,0.54628571,0.0000013155,0.0820583507
461,6.9126727715,-0.0389243147,1.0023042318,100.000000,0.54628571,0.0000012015,0.0820504831
463,6.8623440655,-0.0356732779,1.0023156896,100.000000,0.54628571,0.0000010725,0.0820295811
465,6.8123535961,-0.0323535402,1.0023275040,100.000000,0.54628571,0.0000009345,0.0820005962
467,6.7627802099,-0.0289851947,1.0023396618,100.000000,0.54628571,0.0000007930,0.0819680817
469,6.7142743356,-0.0255870371,1.0023521538,100.000000,0.54628571,0.0000006482,0.0819356722
471,6.6677394307,-0.0221736569,1.0023649737,100.000000,0.54628571,0.0000004962,0.0819057833
473,6.6240608224,-0.0187532176,1.0023781145,100.000000,0.54628571,0.0000003347,0.0818795623
475,6.5839798328,-0.0153268062,1.0023915626,100.000000,0.54628571,0.0000001668,0.0818570488
477,6.5481026175,-0.0118899406,1.0024052938,100.000000,0.54628571,0.0000000014,0.0818374450
479,6.5169605981,-0.0084359358,1.0024192706,100.000000,0.54628571,-0.0000001513,0.0818193838
481,6.4910284154,-0.0049597392,1.0024334429,100.000000,0.54628571,-0.0000002840,0.0818011139
483,6.4706460925,-0.0014605879,1.0024477513,100.000000,0.54628571,-0.0000003950,0.0817805752
485,6.4558540967,0.0020574697,1.0024621319,100.000000,0.54628571,-0.0000004896,0.0817554012
487,6.4462024002,0.0055873095,1.0024765216,100.000000,0.54628571,-0.0000005797,0.0817229548
489,6.4406192307,0.0091223775,1.0024908626,100.000000,0.54628571,-0.0000006827,0.0816805460
491,6.4374177053,0.0126614844,1.0025051062,100.000000,0.54628571,-0.0000008188,0.0816349377
493,6.4344831747,0.0162131933,1.0025192155,100.000000,0.54628571,-0.0000010072,0.0815781946
495,6.4296291848,0.0197973847,1.0025331681,100.000000,0.54628571,-0.0000012618,0.0815090476
497,6.4210481245,0.0234416592,1.0025469566,100.000000,0.54628571,-0.0000015849,0.0814292092
499,6.4077331816,0.0271720190,1.0025605893,100.000000,0.54628571,-0.0000019633,0.0813426363
501,6.3897344801,0.0310003447,1.0025740878,100.000000,0.54628571,-0.0000023657,0.0812550088
503,6.3681502154,0.0349137550,1.0025874831,100.000000,0.54628571,-0.0000027467,0.0811726025
505,6.3448378737,0.0388708732,1.0026008094,100.000000,0.54628571,-0.0000030561,0.0811008718
507,6.3219303764,0.0428067790,1.0026140959,100.000000,0.54628571,-0.0000032545,0.0810431841
509,6.3013137559,0.0466439346,1.0026273577,100.000000,0.54628571,-0.0000033264,0.0810001247
511,6.2842336837,0.0503037935,1.0026405847,100.000000,0.54628571,-0.0000032870,0.0809696029
513,6.2711430078,0.0537148289,1.0026537305,100.000000,0.54628571,-0.0000031786,0.0809490165
515,6.2618067151,0.0568160998,1.0026667001,100.000000,0.54628571,-0.0000030588,0.0809358036
517,6.2555865245,0.0595583575,1.0026793393,100.000000,0.54628571,-0.0000029825,0.0809207402
519,6.2517734280,0.0619051187,1.0026914280,100.000000,0.54628571,-0.0000029868,0.0809021132
521,6.2498410951,0.0638344842,1.0027026803,100.000000,0.54628571,-0.0000030802,0.0808796907
523,6.2495470428,0.0653405769,1.0027127590,100.000000,0.54628571,-0.0000032425,0.0808541383
525,6.2508825396,0.0664328279,1.0027213050,100.000000,0.54628571,-0.0000034351,0.0808264439
527,6.2539328242,0.0671322378,1.0027279831,100.000000,0.54628571,-0.0000036151,0.0807975723
529,6.2587336261,0.0674653905,1.0027325356,100.000000,0.54628571,-0.0000037508,0.0807683639
531,6.2651936285,0.0674582167,1.0027348301,100.000000,0.54628571,-0.0000038282,0.0807395550
533,6.2731082112,0.0671314549,1.0027348827,100.000000,0.54628571,-0.0000038510,0.0807117816
535,6.2822405893,0.0664984786,1.0027328428,100.000000,0.54628571,-0.0000038323,0.0806855147
537,6.2924153779,0.0655646045,1.0027289408,100.000000,0.54628571,-0.0000037856,0.0806609659
539,6.3035694115,0.0643263101,1.0027234157,100.000000,0.54628571,-0.0000037191,0.0806380476
541,6.3157318699,0.0627694075,1.0027164506,100.000000,0.54628571,-0.0000036344,0.0806164366
543,6.3289428129,0.0608666038,1.0027081439,100.000000,0.54628571,-0.0000035309,0.0805957262
545,6.3431449204,0.0585760168,1.0026985226,100.000000,0.54628571,-0.0000034105,0.0805755976
547,6.3580858336,0.0558423872,1.0026875900,100.000000,0.54628571,-0.0000032794,0.0805588761
549,6.3732519369,0.0526018715,1.0026753782,100.000000,0.54628571,-0.0000031461,0.0805480830
551,6.3878333781,0.0487899804,1.0026619813,100.000000,0.54628571,-0.0000030151,0.0805405786
553,6.4007089109,0.0443512473,1.0026475560,100.000000,0.54628571,-0.0000028816,0.0805360860
555,6.4104434980,0.0392490317,1.0026322956,100.000000,0.54628571,-0.0000027313,0.0805341088
557,6.4153073564,0.0334742999,1.0026163970,100.000000,0.54628571,-0.0000025457,0.0805339238
559,6.4133421681,0.0270526591,1.0026000362,100.000000,0.54628571,-0.0000023107,0.0805346295
561,6.4025078335,0.0200488759,1.0025833601,100.000000,0.54628571,-0.0000020246,0.0805352581
563,6.3809344150,0.0125676996,1.0025664905,100.000000,0.54628571,-0.0000016987,0.0805349365
565,6.3472775264,0.0047496354,1.0025495308,100.000000,0.54628571,-0.0000013534,0.0805330566
567,6.3011362552,-0.0032389996,1.0025325702,100.000000,0.54628571,-0.0000010092,0.0805294097
569,6.2434514423,-0.0112207928,1.0025156827,100.000000,0.54628571,-0.0000006788,0.0805242452
571,6.1767740971,-0.0190239000,1.0024989260,100.000000,0.54628571,-0.0000003619,0.0805182289
573,6.1052947100,-0.0264967633,1.0024823412,100.000000,0.54628571,-0.0000000449,0.0805122924
575,6.0345624833,-0.0335175260,1.0024659572,100.000000,0.54628571,0.0000002940,0.0805073796
577,5.9708920294,-0.0399967980,1.0024497965,100.000000,0.54628571,0.0000006783,0.0805041190
579,5.9205320969,-0.0458748897,1.0024338822,100.000000,0.54628571,0.0000011250,0.0805024722
581,5.8887307498,-0.0511162181,1.0024182441,100.000000,0.54628571,0.0000016394,0.0805014324
583,5.8788581314,-0.0557035717,1.0024029220,100.000000,0.54628571,0.0000022129,0.0804988470
585,5.8917406240,-0.0596335474,1.0023879669,100.000000,0.54628571,0.0000028263,0.0804914192
587,5.9253279924,-0.0629127742,1.0023734376,100.000000,0.54628571,0.0000034564,0.0804748946
589,5.9747668325,-0.0655535643,1.0023593966,100.000000,0.54628571,0.0000040841,0.0804443881
591,6.0328919948,-0.0675678360,1.0023459031,100.000000,0.54628571,0.0000047005,0.0803947850
593,6.0910735827,-0.0689592153,1.0023330074,100.000000,0.54628571,0.0000053089,0.0803575973
595,6.1402812157,-0.0697144306,1.0023207472,100.000000,0.54628571,0.0000059220,0.0803280046
597,6.1721749941,-0.0697959020,1.0023091448,100.000000,0.54628571,0.0000065559,0.0802784317
599,6.1800333634,-0.0691376988,1.0022982087,100.000000,0.54628571,0.0000072228,0.0802047405
601,6.1593926443,-0.0676469784,1.0022879346,100.000000,0.54628571,0.0000079257,0.0801035587
603,6.1083774118,-0.0652127506,1.0022783089,100.000000,0.54628571,0.0000086567,0.0799726703
605,6.0277927598,-0.0617231198,1.0022693102,100.000000,0.54628571,0.0000094001,0.0798356377
607,5.9210771891,-0.0570906680,1.0022609120,100.000000,0.54628571,0.0000101383,0.0796835570
609,5.7941631323,-0.0512832297,1.0022530837,100.000000,0.54628571,0.0000108593,0.0795025857
611,5.6551984568,-0.0443544299,1.0022457919,100.000000,0.54628571,0.0000115622,0.0792958642
613,5.5140185239,-0.0364660452,1.0022390018,100.000000,0.54628571,0.0000122576,0.0790690596
615,5.3812844281,-0.0278937263,1.0022326792,100.000000,0.54628571,0.0000129634,0.0788303148
617,5.2673223278,-0.0190097692,1.0022267918,100.000000,0.54628571,0.0000136972,0.0785896774
619,5.1808501657,-0.0102415568,1.0022213104,100.000000,0.54628571,0.0000144691,0.0783579842
621,5.1278747646,-0.0020111088,1.0022162099,100.000000,0.54628571,0.0000152791,0.0781453597
623,5.1110295994,0.0053320235,1.0022114685,100.000000,0.54628571,0.0000161176,0.0779596553
625,5.1295095356,0.0115679671,1.0022070674,100.000000,0.54628571,0.0000169706,0.0778052303
627,5.1795972653,0.0166377374,1.0022029911,100.000000,0.54628571,0.0000178235,0.0776985423
629,5.2556268946,0.0206384534,1.0021992265,100.000000,0.54628571,0.0000186646,0.0776300695
631,5.3511339754,0.0237830425,1.0021957630,100.000000,0.54628571,0.0000194874,0.0775752091
633,5.4599186214,0.0263362942,1.0021925917,100.000000,0.54628571,0.0000202909,0.0775281617
635,5.5768025868,0.0285468657,1.0021897032,100.000000,0.54628571,0.0000210796,0.0774867200
637,5.6979747614,0.0305954467,1.0021870854,100.000000,0.54628571,0.0000218626,0.0774440659
639,5.8209524008,0.0325721453,1.0021847205,100.000000,0.54628571,0.0000226503,0.0774055739
641,5.9442882777,0.0344842632,1.0021825840,100.000000,0.54628571,0.0000234510,0.0773806358
643,6.0671920766,0.0362843760,1.0021806449,100.000000,0.54628571,0.0000242667,0.0773690198
645,6.1892045261,0.0379031080,1.0021788692,100.000000,0.54628571,0.0000250918,0.0773715158
647,6.3099916322,0.0392732355,1.0021772253,100.000000,0.54628571,0.0000259144,0.0773871671
649,6.4292531398,0.0403396249,1.0021756902,100.000000,0.54628571,0.0000267210,0.0774138784
651,6.5466951465,0.0410581115,1.0021742553,100.000000,0.54628571,0.0000275008,0.0774582029
653,6.6620121669,0.0413910108,1.0021729301,100.000000,0.54628571,0.0000282499,0.0775106723
655,6.7748489582,0.0413058396,1.0021717424,100.000000,0.54628571,0.0000289710,0.0775663793
657,6.8847461016,0.0407789942,1.0021707356,100.000000,0.54628571,0.0000296714,0.0776222690
659,6.9910959600,0.0398015366,1.0021699625,100.000000,0.54628571,0.0000303589,0.0776768046
661,7.0931373490,0.0383828481,1.0021694778,100.000000,0.54628571,0.0000310385,0.0777302400
663,7.1900003321,0.0365498922,1.0021693312,100.000000,0.54628571,0.0000317104,0.0777840550
665,7.2807881032,0.0343429694,1.0021695611,100.000000,0.54628571,0.0000323711,0.0778407872
667,7.3646645454,0.0318106316,1.0021701921,100.000000,0.54628571,0.0000330158,0.0779216133
669,7.4409131596,0.0290059427,1.0021712346,100.000000,0.54628571,0.0000336411,0.0780143348
671,7.5089464234,0.0259844840,1.0021726864,100.000000,0.54628571,0.0000342461,0.0781143673
673,7.5682665199,0.0228030592,1.0021745370,100.000000,0.54628571,0.0000348327,0.0782186534
675,7.6183974314,0.0195178800,1.0021767704,100.000000,0.54628571,0.0000354031,0.0783233321
677,7.6588163943,0.0161818228,1.0021793683,100.000000,0.54628571,0.0000359582,0.0784243126
679,7.6889086966,0.0128412432,1.0021823108,100.000000,0.54628571,0.0000364966,0.0785178132
681,7.7079590183,0.0095331489,1.0021855755,100.000000,0.54628571,0.0000370148,0.0786007792
683,7.7151819302,0.0062832832,1.0021891364,100.000000,0.54628571,0.0000375086,0.0786711468
685,7.7097880453,0.0031052474,1.0021929617,100.000000,0.54628571,0.0000379741,0.0787281807
687,7.6910807225,0.0000005284,1.0021970129,100.000000,0.54628571,0.0000384085,0.0787717847
689,7.6585783708,-0.0030407583,1.0022012452,100.000000,0.54628571,0.0000388100,0.0788028973
691,7.6121560481,-0.0060385985,1.0022056096,100.000000,0.54628571,0.0000391783,0.0788230463
693,7.5521953822,-0.0090214669,1.0022100560,100.000000,0.54628571,0.0000395149,0.0788339893
695,7.4797243293,-0.0120245286,1.0022145367,100.000000,0.54628571,0.0000398233,0.0788373677
697,7.3965205122,-0.0150876570,1.0022190101,100.000000,0.54628571,0.0000401089,0.0788344294
699,7.3051476954,-0.0182530261,1.0022234431,100.000000,0.54628571,0.0000403787,0.0788258808
701,7.2088979394,-0.0215618345,1.0022278128,100.000000,0.54628571,0.0000406389,0.0788119129
703,7.1116238718,-0.0250497623,1.0022321069,100.000000,0.54628571,0.0000408933,0.0787924134
705,7.0174651042,-0.0287411712,1.0022363233,100.000000,0.54628571,0.0000411416,0.0787673286
707,6.9304960119,-0.0326428041,1.0022404682,100.000000,0.54628571,0.0000413788,0.0787370823
709,6.8543429761,-0.0367384959,1.0022445543,100.000000,0.54628571,0.0000415962,0.0787029247
711,6.7918317832,-0.0409867455,1.0022485991,100.000000,0.54628571,0.0000417837,0.0786670857
713,6.7447259616,-0.0453225373,1.0022526228,100.000000,0.54628571,0.0000419326,0.0786326624
715,6.7136032291,-0.0496635674,1.0022566473,100.000000,0.54628571,0.0000420380,0.0786032553
717,6.6978923555,-0.0539195468,1.0022606943,100.000000,0.54628571,0.0000420996,0.0785824466
719,6.6960620773,-0.0580022359,1.0022647847,100.000000,0.54628571,0.0000421216,0.0785732560
721,6.7059242787,-0.0618338306,1.0022689367,100.000000,0.54628571,0.0000421110,0.0785777033
723,6.7249922296,-0.0653521846,1.0022731641,100.000000,0.54628571,0.0000420761,0.0785965583
725,6.7508260785,-0.0685125972,1.0022774734,100.000000,0.54628571,0.0000420253,0.0786293036
727,6.7813040128,-0.0712868767,1.0022818623,100.000000,0.54628571,0.0000419659,0.0786742821
729,6.8147772272,-0.0736607714,1.0022863171,100.000000,0.54628571,0.0000419040,0.0787289743
731,6.8500956463,-0.0756307041,1.0022908125,100.000000,0.54628571,0.0000418437,0.0787903416
733,6.8865222528,-0.0772003502,1.0022953110,100.000000,0.54628571,0.0000417863,0.0788551749
735,6.9235788279,-0.0783772509,1.0022997635,100.000000,0.54628571,0.0000417295,0.0789204004
737,6.9608780030,-0.0791694846,1.0023041102,100.000000,0.54628571,0.0000416666,0.0789833062
739,6.9979923666,-0.0795824119,1.0023082803,100.000000,0.54628571,0.0000415876,0.0790416755
741,7.0343927442,-0.0796155948,1.0023121928,100.000000,0.54628571,0.0000414812,0.0790938346
743,7.0694613065,-0.0792601251,1.0023157550,100.000000,0.54628571,0.0000413372,0.0791386449
745,7.1025601307,-0.0784967344,1.0023188637,100.000000,0.54628571,0.0000411507,0.0791754801
747,7.1331206091,-0.0772951472,1.0023214063,100.000000,0.54628571,0.0000409237,0.0792042230
749,7.1607179731,-0.0756151027,1.0023232649,100.000000,0.54628571,0.0000406660,0.0792252915
751,7.1851070274,-0.0734092612,1.0023243233,100.000000,0.54628571,0.0000403927,0.0792431718
753,7.2062141418,-0.0706278536,1.0023244756,100.000000,0.54628571,0.0000401189,0.0792613085
755,7.2240986519,-0.0672245406,1.0023236367,100.000000,0.54628571,0.0000398554,0.0792742109
757,7.2389070138,-0.0631626759,1.0023217514,100.000000,0.54628571,0.0000396054,0.0792839686
759,7.2508418532,-0.0584211626,1.0023188019,100.000000,0.54628571,0.0000393643,0.0792928704
761,7.2601568415,-0.0529993288,1.0023148104,100.000000,0.54628571,0.0000391229,0.0793030740
763,7.2671727473,-0.0469205818,1.0023098377,100.000000,0.54628571,0.0000388720,0.0793162697
765,7.2722972928,-0.0402347987,1.0023039777,100.000000,0.54628571,0.0000386055,0.0793334234
767,7.2760271651,-0.0330193399,1.0022973472,100.000000,0.54628571,0.0000383227,0.0793546723
769,7.2789162647,-0.0253783038,1.0022900751,100.000000,0.54628571,0.0000380265,0.0793793986
771,7.2815074892,-0.0174394200,1.0022822909,100.000000,0.54628571,0.0000377217,0.0794064544
773,7.2842407675,-0.0093481163,1.0022741147,100.000000,0.54628571,0.0000374121,0.0794344663
775,7.2873617888,-0.0012588873,1.0022656506,100.000000,0.54628571,0.0000370993,0.0794621295
777,7.2908591971,0.0066750269,1.0022569830,100.000000,0.54628571,0.0000367829,0.0794884213
779,7.2944510600,0.0143118942,1.0022481768,100.000000,0.54628571,0.0000364610,0.0795126968
781,7.2976260229,0.0215297261,1.0022392791,100.000000,0.54628571,0.0000361318,0.0795346750
783,7.2997261773,0.0282310639,1.0022303237,100.000000,0.54628571,0.0000357945,0.0795543502
785,7.3000445801,0.0343438893,1.0022213352,100.000000,0.54628571,0.0000354493,0.0795718771
787,7.2979066853,0.0398192477,1.0022123332,100.000000,0.54628571,0.0000350977,0.0795874647
789,7.2927137638,0.0446267417,1.0022033351,100.000000,0.54628571,0.0000347413,0.0796016318
791,7.2839443779,0.0487490172,1.0021943577,100.000000,0.54628571,0.0000343817,0.0796144062
793,7.2711295477,0.0521759272,1.0021854176,100.000000,0.54628571,0.0000340197,0.0796255532
795,7.2538297045,0.0548986157,1.0021765309,100.000000,0.54628571,0.0000336557,0.0796350305
797,7.2316409403,0.0569036669,1.0021677130,100.000000,0.54628571,0.0000332896,0.0796427247
799,7.2042441406,0.0581677955,1.0021589778,100.000000,0.54628571,0.0000329215,0.0796484535
801,7.1714891497,0.0586541034,1.0021503378,100.000000,0.54628571,0.0000325518,0.0796519723
803,7.1334866484,0.0583113366,1.0021418043,100.000000,0.54628571,0.0000321818,0.0796529932
805,7.0906717855,0.0570775084,1.0021333882,100.000000,0.54628571,0.0000318134,0.0796512232
807,7.0438098343,0.0548886339,1.0021250998,100.000000,0.54628571,0.0000314484,0.0796464214
809,6.9939327031,0.0516922469,1.0021169493,100.000000,0.54628571,0.0000310882,0.0796384672
811,6.9422183879,0.0474641487,1.0021089467,100.000000,0.54628571,0.0000307330,0.0796299553
813,6.8898444677,0.0422257552,1.0021011017,100.000000,0.54628571,0.0000303816,0.0796251908
815,6.8378550258,0.0360586924,1.0020934230,100.000000,0.54628571,0.0000300308,0.0796267051
817,6.7870759204,0.0291131201,1.0020859178,100.000000,0.54628571,0.0000296766,0.0796254373
819,6.7380983638,0.0216067330,1.0020785916,100.000000,0.54628571,0.0000293142,0.0796217237
821,6.6913303350,0.0138125939,1.0020714471,100.000000,0.54628571,0.0000289396,0.0796157067
823,6.6470956659,0.0060358605,1.0020644841,100.000000,0.54628571,0.0000285505,0.0796072682
825,6.6057477390,-0.0014181378,1.0020576990,100.000000,0.54628571,0.0000281474,0.0795960194
827,6.5677628924,-0.0082796232,1.0020510841,100.000000,0.54628571,0.0000277345,0.0795813568
829,6.5337886195,-0.0143473341,1.0020446282,100.000000,0.54628571,0.0000273186,0.0795625863
831,6.5046396374,-0.0195118440,1.0020383165,100.000000,0.54628571,0.0000269086,0.0795390955
833,6.4812533272,-0.0237638244,1.0020321320,100.000000,0.54628571,0.0000265126,0.0795105448
835,6.4646267742,-0.0271849979,1.0020260570,100.000000,0.54628571,0.0000261368,0.0794770618
837,6.4557559841,-0.0299236493,1.0020200746,100.000000,0.54628571,0.0000257833,0.0794398335
839,6.4555853298,-0.0321604327,1.0020141708,100.000000,0.54628571,0.0000254501,0.0793996193
841,6.4649592236,-0.0340725825,1.0020083363,100.000000,0.54628571,0.0000251318,0.0793582966
843,6.4845580478,-0.0358046332,1.0020025676,100.000000,0.54628571,0.0000248216,0.0793182315
845,6.5148033547,-0.0374513543,1.0019968673,100.000000,0.54628571,0.0000245132,0.0792892009
847,6.5557333652,-0.0390546341,1.0019912439,100.000000,0.54628571,0.0000242022,0.0792806268
849,6.6068716349,-0.0406119519,1.0019857108,100.000000,0.54628571,0.0000238873,0.0792835707
851,6.6671283775,-0.0420912834,1.0019802842,100.000000,0.54628571,0.0000235696,0.0792969632
853,6.7347762551,-0.0434466544,1.0019749816,100.000000,0.54628571,0.0000232521,0.0793219449
855,6.8075280585,-0.0446300096,1.0019698197,100.000000,0.54628571,0.0000229380,0.0793592068
857,6.8827177761,-0.0455976897,1.0019648129,100.000000,0.54628571,0.0000226297,0.0794088815
859,6.9575586040,-0.0463123417,1.0019599722,100.000000,0.54628571,0.0000223282,0.0794704525
861,7.0294305626,-0.0467425081,1.0019553050,100.000000,0.54628571,0.0000220332,0.0795427063
863,7.0961418898,-0.0468621302,1.0019508148,100.000000,0.54628571,0.0000217436,0.0796237512
865,7.1561133816,-0.0466511746,1.0019465024,100.000000,0.54628571,0.0000214582,0.0797111149
867,7.2084515101,-0.0460973378,1.0019423665,100.000000,0.54628571,0.0000211759,0.0798019217
869,7.2529007822,-0.0451980001,1.0019384052,100.000000,0.54628571,0.0000208967,0.0798931319
871,7.2896931572,-0.0439615258,1.0019346171,100.000000,0.54628571,0.0000206208,0.0799818141
873,7.3193357248,-0.0424074223,1.0019310031,100.000000,0.54628571,0.0000203491,0.0800654195
875,7.3423905392,-0.0405653720,1.0019275676,100.000000,0.54628571,0.0000200827,0.0801420208
877,7.3592983224,-0.0384734184,1.0019243199,100.000000,0.54628571,0.0000198223,0.0802104839
879,7.3702814205,-0.0361755850,1.0019212752,100.000000,0.54628571,0.0000195690,0.0802705451
881,7.3753367708,-0.0337190838,1.0019184553,100.000000,0.54628571,0.0000193234,0.0803227722
883,7.3743052972,-0.0311512081,1.0019158884,100.000000,0.54628571,0.0000190860,0.0803684099
885,7.3669875456,-0.0285160538,1.0019136076,100.000000,0.54628571,0.0000188566,0.0804091260
887,7.3532699181,-0.0258513197,1.0019116489,100.000000,0.54628571,0.0000186343,0.0804466987
889,7.3332303370,-0.0231854858,1.0019100483,100.000000,0.54628571,0.0000184175,0.0804827017
891,7.3072025009,-0.0205356202,1.0019088379,100.000000,0.54628571,0.0000182038,0.0805182422
893,7.2757896912,-0.0179059669,1.0019080421,100.000000,0.54628571,0.0000179907,0.0805537952
895,7.2398295514,-0.0152873842,1.0019076745,100.000000,0.54628571,0.0000177766,0.0805891556
897,7.2003194485,-0.0126577009,1.0019077353,100.000000,0.54628571,0.0000175613,0.0806235032
899,7.1583179723,-0.0099831028,1.0019082107,100.000000,0.54628571,0.0000173462,0.0806555617
901,7.1148416982,-0.0072207011,1.0019090736,100.000000,0.54628571,0.0000171338,0.0806838168
903,7.0707767685,-0.0043223937,1.0019102856,100.000000,0.54628571,0.0000169268,0.0807067633
905,7.0268212628,-0.0012399694,1.0019118013,100.000000,0.54628571,0.0000167271,0.0807231447
907,6.9834667573,0.0020688815,1.0019135719,100.000000,0.54628571,0.0000165354,0.0807321581
909,6.9410175357,0.0056343376,1.0019155504,100.000000,0.54628571,0.0000163510,0.0807335932
911,6.8996365708,0.0094690039,1.0019176953,100.000000,0.54628571,0.0000161722,0.0807278848
913,6.8594017642,0.0135643721,1.0019199743,100.000000,0.54628571,0.0000159976,0.0807160664
915,6.8203558860,0.0178900740,1.0019223656,100.000000,0.54628571,0.0000158259,0.0806996321
917,6.7825389097,0.0223962225,1.0019248585,100.000000,0.54628571,0.0000156570,0.0806803293
919,6.7459996919,0.0270183359,1.0019274521,100.000000,0.54628571,0.0000154917,0.0806599267
921,6.7107919227,0.0316836443,1.0019301531,100.000000,0.54628571,0.0000153312,0.0806400018
923,6.6769640628,0.0363172930,1.0019329729,100.000000,0.54628571,0.0000151768,0.0806217880
925,6.6445531561,0.0408471956,1.0019359245,100.000000,0.54628571,0.0000150291,0.0806060990
927,6.6135883511,0.0452069235,1.0019390192,100.000000,0.54628571,0.0000148880,0.0805933288
929,6.5841036076,0.0493367347,1.0019422647,100.000000,0.54628571,0.0000147527,0.0805835055
931,6.5561530277,0.0531833500,1.0019456629,100.000000,0.54628571,0.0000146220,0.0805763755
933,6.5298189382,0.0566992285,1.0019492098,100.000000,0.54628571,0.0000144950,0.0805714921
935,6.5052036474,0.0598419238,1.0019528949,100.000000,0.54628571,0.0000143713,0.0805682999
937,6.4824006251,0.0625737714,1.0019567022,100.000000,0.54628571,0.0000142510,0.0805662061
939,6.4614481754,0.0648618448,1.0019606109,100.000000,0.54628571,0.0000141343,0.0805646442
941,6.4422760162,0.0666779294,1.0019645965,100.000000,0.54628571,0.0000140216,0.0805631266
943,6.4246599432,0.0679982401,1.0019686323,100.000000,0.54628571,0.0000139130,0.0805612878
945,6.4082001175,0.0688027191,1.0019726900,100.000000,0.54628571,0.0000138081,0.0805589117
947,6.3923340912,0.0690739374,1.0019767410,100.000000,0.54628571,0.0000137068,0.0805559395
949,6.3763876416,0.0687958195,1.0019807570,100.000000,0.54628571,0.0000136087,0.0805524555
951,6.3596571654,0.0679525489,1.0019847102,100.000000,0.54628571,0.0000135138,0.0805496038
953,6.3415094875,0.0665280457,1.0019885738,100.000000,0.54628571,0.0000134225,0.0805490194
955,6.3214805952,0.0645063312,1.0019923221,100.000000,0.54628571,0.0000133349,0.0805476891
957,6.2993549758,0.0618729185,1.0019959302,100.000000,0.54628571,0.0000132511,0.0805456841
959,6.2752114347,0.0586171565,1.0019993751,100.000000,0.54628571,0.0000131709,0.0805430350
961,6.2494280250,0.0547352539,1.0020026351,100.000000,0.54628571,0.0000130940,0.0805397024
963,6.2226461274,0.0502335746,1.0020056917,100.000000,0.54628571,0.0000130197,0.0805355620
965,6.1957001685,0.0451317597,1.0020085297,100.000000,0.54628571,0.0000129476,0.0805304100
967,6.1695239714,0.0394652716,1.0020111389,100.000000,0.54628571,0.0000128773,0.0805239865
969,6.1450469528,0.0332870500,1.0020135148,100.000000,0.54628571,0.0000128091,0.0805160106
971,6.1230934855,0.0266680599,1.0020156595,100.000000,0.54628571,0.0000127434,0.0805062193
973,6.1042971186,0.0196965635,1.0020175816,100.000000,0.54628571,0.0000126810,0.0804943998
975,6.0890385150,0.0124759908,1.0020192959,100.000000,0.54628571,0.0000126226,0.0804804106
977,6.0774124375,0.0051213380,1.0020208222,100.000000,0.54628571,0.0000125687,0.0804641886
979,6.0692254324,-0.0022458153,1.0020221837,100.000000,0.54628571,0.0000125192,0.0804457441
981,6.0640224849,-0.0095033292,1.0020234055,100.000000,0.54628571,0.0000124734,0.0804251472
983,6.0611382176,-0.0165349191,1.0020245126,100.000000,0.54628571,0.0000124303,0.0804025105
985,6.0597663004,-0.0232360856,1.0020255279,100.000000,0.54628571,0.0000123892,0.0803779704
987,6.0590395386,-0.0295186411,1.0020264717,100.000000,0.54628571,0.0000123495,0.0803520140
989,6.0581124242,-0.0353131213,1.0020273609,100.000000,0.54628571,0.0000123116,0.0803246594
991,6.0562377109,-0.0405687706,1.0020282088,100.000000,0.54628571,0.0000122763,0.0802957674
993,6.0528290285,-0.0452512502,1.0020290263,100.000000,0.54628571,0.0000122446,0.0802653145
995,6.0475030916,-0.0493385927,1.0020298227,100.000000,0.54628571,0.0000122176,0.0802332455
997,6.0400979322,-0.0528161292,1.0020306072,100.000000,0.54628571,0.0000121956,0.0801995118
999,6.0306675025,-0.0556711513,1.0020313904,100.000000,0.54628571,0.0000121782,0.0801641186
1001,6.0194569937,-0.0578880193,1.0020321852,100.000000,0.54628571,0.0000121643,0.0801284112
1003,6.0068659972,-0.0594443747,1.0020330080,100.000000,0.54628571,0.0000121524,0.0800927173
1005,5.9934071613,-0.0603091016,1.0020338786,100.000000,0.54628571,0.0000121409,0.0800568996
1007,5.9796662004,-0.0604426735,1.0020348199,100.000000,0.54628571,0.0000121291,0.0800214030
1009,5.9662659667,-0.0598004135,1.0020358577,100.000000,0.54628571,0.0000121167,0.0799867050
1011,5.9538344618,-0.0583389019,1.0020370190,100.000000,0.54628571,0.0000121045,0.0799532833
1013,5.9429754884,-0.0560252447,1.0020383311,100.000000,0.54628571,0.0000120934,0.0799215883
1015,5.9342414363,-0.0528482262,1.0020398197,100.000000,0.54628571,0.0000120845,0.0798920250
1017,5.9281094918,-0.0488296838,1.0020415086,100.000000,0.54628571,0.0000120779,0.0798649432
1019,5.9249637827,-0.0440339574,1.0020434176,100.000000,0.54628571,0.0000120731,0.0798406342
1021,5.9250854639,-0.0385731784,1.0020455627,100.000000,0.54628571,0.0000120688,0.0798193267
1023,5.9286505782,-0.0326065576,1.0020479555,100.000000,0.54628571,0.0000120632,0.0798011774
1025,5.9357330005,-0.0263326982,1.0020506029,100.000000,0.54628571,0.0000120553,0.0797862543
1027,5.9463085903,-0.0199751355,1.0020535080,100.000000,0.54628571,0.0000120446,0.0797745151
1029,5.9602577868,-0.0137625995,1.0020566699,100.000000,0.54628571,0.0000120319,0.0797657830
1031,5.9773668378,-0.0079066358,1.0020600843,100.000000,0.54628571,0.0000120193,0.0797597297
1033,5.9973309999,-0.0025799830,1.0020637439,100.000000,0.54628571,0.0000120090,0.0797558705
1035,6.0197644898,0.0021007163,1.0020676384,100.000000,0.54628571,0.0000120033,0.0797535779
1037,6.0442206902,0.0060848034,1.0020717547,100.000000,0.54628571,0.0000120037,0.0797521183
1039,6.0702225171,0.0093882163,1.0020760767,100.000000,0.54628571,0.0000120105,0.0797507122
1041,6.0972985580,0.0120846400,1.0020805856,100.000000,0.54628571,0.0000120230,0.0797486143
1043,6.1250175558,0.0142888488,1.0020852593,100.000000,0.54628571,0.0000120398,0.0797452052
1045,6.1530133632,0.0161354499,1.0020900733,100.000000,0.54628571,0.0000120593,0.0797400819
1047,6.1809948028,0.0177570824,1.0020950007,100.000000,0.54628571,0.0000120803,0.0797331272
1049,6.2087389418,0.0192660136,1.0021000127,100.000000,0.54628571,0.0000121022,0.0797245432
1051,6.2360706238,0.0207420282,1.0021050796,100.000000,0.54628571,0.0000121252,0.0797148329
1053,6.2628343050,0.0222278322,1.0021101713,100.000000,0.54628571,0.0000121498,0.0797047261
1055,6.2888655722,0.0237313903,1.0021152589,100.000000,0.54628571,0.0000121768,0.0796950546
1057,6.3139691622,0.0252332091,1.0021203155,100.000000,0.54628571,0.0000122067,0.0796865968
1059,6.3379083230,0.0266959179,1.0021253173,100.000000,0.54628571,0.0000122394,0.0796799150
1061,6.3604076305,0.0280736720,1.0021302452,100.000000,0.54628571,0.0000122743,0.0796752186
1063,6.3811684937,0.0293197015,1.0021350856,100.000000,0.54628571,0.0000123106,0.0796722804
1065,6.3998940499,0.0303913677,1.0021398312,100.000000,0.54628571,0.0000123471,0.0796704262
1067,6.4163183481,0.0312529697,1.0021444818,100.000000,0.54628571,0.0000123828,0.0796686069
1069,6.4302339788,0.0318770192,1.0021490445,100.000000,0.54628571,0.0000124171,0.0796655449
1071,6.4415127865,0.0322447222,1.0021535332,100.000000,0.54628571,0.0000124503,0.0796599327
1073,6.4501159673,0.0323461334,1.0021579683,100.000000,0.54628571,0.0000124830,0.0796506523
1075,6.4560923124,0.0321800996,1.0021623752,100.000000,0.54628571,0.0000125162,0.0796369759
1077,6.4595660002,0.0317538761,1.0021667832,100.000000,0.54628571,0.0000125507,0.0796187144
1079,6.4607174243,0.0310822553,1.0021712233,100.000000,0.54628571,0.0000125871,0.0795962871
1081,6.4597615088,0.0301861476,1.0021757266,100.000000,0.54628571,0.0000126248,0.0795707018
1083,6.4569275800,0.0290906938,1.0021803222,100.000000,0.54628571,0.0000126629,0.0795434486
1085,6.4524434099,0.0278230868,1.0021850354,100.000000,0.54628571,0.0000127002,0.0795163254
1087,6.4465241254,0.0264102994,1.0021898865,100.000000,0.54628571,0.0000127355,0.0794912219
1089,6.4393650617,0.0248768700,1.0021948892,100.000000,0.54628571,0.0000127684,0.0794698950
1091,6.4311368974,0.0232428521,1.0022000501,100.000000,0.54628571,0.0000127992,0.0794537674
1093,6.4219817341,0.0215220101,1.0022053685,100.000000,0.54628571,0.0000128292,0.0794437779
1095,6.4120098629,0.0197203513,1.0022108359,100.000000,0.54628571,0.0000128601,0.0794403012
1097,6.4012981947,0.0178351183,1.0022164372,100.000000,0.54628571,0.0000128936,0.0794431464
1099,6.3898920369,0.0158543836,1.0022221515,100.000000,0.54628571,0.0000129309,0.0794516260
1101,6.3778116675,0.0137573896,1.0022279533,100.000000,0.54628571,0.0000129723,0.0794646812
1103,6.3650639913,0.0115157476,1.0022338150,100.000000,0.54628571,0.0000130171,0.0794810353
1105,6.3516578885,0.0090955591,1.0022397086,100.000000,0.54628571,0.0000130641,0.0794993482
1107,6.3376203555,0.0064604408,1.0022456080,100.000000,0.54628571,0.0000131120,0.0795183494
1109,6.3230098002,0.0035753237,1.0022514911,100.000000,0.54628571,0.0000131595,0.0795369323
1111,6.3079232446,0.0004107456,1.0022573411,100.000000,0.54628571,0.0000132062,0.0795542080
1113,6.2924956313,-0.0030528098,1.0022631476,100.000000,0.54628571,0.0000132525,0.0795695222
1115,6.2768915018,-0.0068211173,1.0022689058,100.000000,0.54628571,0.0000132991,0.0795824481
1117,6.2612913671,-0.0108835958,1.0022746164,100.000000,0.54628571,0.0000133472,0.0795927637
1119,6.2458765076,-0.0152124054,1.0022802833,100.000000,0.54628571,0.0000133978,0.0796004263
1121,6.2308162944,-0.0197635076,1.0022859120,100.000000,0.54628571,0.0000134513,0.0796055431
1123,6.2162613171,-0.0244795418,1.0022915067,100.000000,0.54628571,0.0000135074,0.0796083425
1125,6.2023438672,-0.0292939756,1.0022970690,100.000000,0.54628571,0.0000135654,0.0796091413
1127,6.1891851321,-0.0341357220,1.0023025959,100.000000,0.54628571,0.0000136240,0.0796083097
1129,6.1769064206,-0.0389333896,1.0023080790,100.000000,0.54628571,0.0000136821,0.0796096828
1131,6.1656404103,-0.0436185400,1.0023135045,100.000000,0.54628571,0.0000137386,0.0796091352
1133,6.1555381608,-0.0481276836,1.0023188533,100.000000,0.54628571,0.0000137933,0.0796068076
1135,6.1467685404,-0.0524031096,1.0023241026,100.000000,0.54628571,0.0000138462,0.0796029046
1137,6.1395085376,-0.0563928929,1.0023292269,100.000000,0.54628571,0.0000138981,0.0795976212
1139,6.1339251888,-0.0600504892,1.0023341993,100.000000,0.54628571,0.0000139497,0.0795911235
1141,6.1301519811,-0.0633342380,1.0023389935,100.000000,0.54628571,0.0000140021,0.0795835645
1143,6.1282640679,-0.0662069249,1.0023435846,100.000000,0.54628571,0.0000140559,0.0795792877
1145,6.1282571621,-0.0686353962,1.0023479502,100.000000,0.54628571,0.0000141115,0.0795748963
1147,6.1300344699,-0.0705901442,1.0023520710,100.000000,0.54628571,0.0000141688,0.0795703795
1149,6.1334046736,-0.0720447977,1.0023559308,100.000000,0.54628571,0.0000142276,0.0795657616
1151,6.1380920732,-0.0729755409,1.0023595167,100.000000,0.54628571,0.0000142873,0.0795611110
1153,6.1437579660,-0.0733605831,1.0023628183,100.000000,0.54628571,0.0000143473,0.0795565395
1155,6.1500305355,-0.0731798646,1.0023658278,100.000000,0.54628571,0.0000144070,0.0795521933
1157,6.1565392379,-0.0724151842,1.0023685392,100.000000,0.54628571,0.0000144660,0.0795482360
1159,6.1629490797,-0.0710508726,1.0023709481,100.000000,0.54628571,0.0000145241,0.0795448288
1161,6.1689902901,-0.0690750432,1.0023730517,100.000000,0.54628571,0.0000145813,0.0795421088
1163,6.1744796274,-0.0664813542,1.0023748485,100.000000,0.54628571,0.0000146375,0.0795401668
1165,6.1793307252,-0.0632711366,1.0023763391,100.000000,0.54628571,0.0000146928,0.0795390263
1167,6.1835522954,-0.0594556840,1.0023775262,100.000000,0.54628571,0.0000147470,0.0795386226
1169,6.1872344267,-0.0550584613,1.0023784148,100.000000,0.54628571,0.0000148002,0.0795387859
1171,6.1905245171,-0.0501169604,1.0023790131,100.000000,0.54628571,0.0000148526,0.0795392304
1173,6.1935954282,-0.0446839175,1.0023793320,100.000000,0.54628571,0.0000149044,0.0795395542
1175,6.1966092240,-0.0388276182,1.0023793856,100.000000,0.54628571,0.0000149561,0.0795392563
1177,6.1996803627,-0.0326310594,1.0023791907,100.000000,0.54628571,0.0000150082,0.0795377723
1179,6.2028424627,-0.0261898265,1.0023787664,100.000000,0.54628571,0.0000150616,0.0795345286
1181,6.2060227713,-0.0196086805,1.0023781339,100.000000,0.54628571,0.0000151167,0.0795290099
1183,6.2090281541,-0.0129970242,1.0023773156,100.000000,0.54628571,0.0000151740,0.0795208307
1185,6.2115456762,-0.0064636134,1.0023763346,100.000000,0.54628571,0.0000152335,0.0795097967
1187,6.2131595535,-0.0001110592,1.0023752139,100.000000,0.54628571,0.0000152952,0.0794959462
1189,6.2133843516,0.0059692116,1.0023739754,100.000000,0.54628571,0.0000153587,0.0794795616
1191,6.2117119516,0.0117008505,1.0023726390,100.000000,0.54628571,0.0000154234,0.0794611483
1193,6.2076673259,0.0170247601,1.0023712219,100.000000,0.54628571,0.0000154888,0.0794413840
1195,6.2008661203,0.0218992069,1.0023697372,100.000000,0.54628571,0.0000155546,0.0794210484
1197,6.1910659823,0.0262978547,1.0023681940,100.000000,0.54628571,0.0000156202,0.0794009424
1199,6.1782039487,0.0302060365,1.0023665961,100.000000,0.54628571,0.0000156854,0.0793818129
1201,6.1624140882,0.0336158672,1.0023649433,100.000000,0.54628571,0.0000157500,0.0793644103
1203,6.1440226795,0.0365209830,1.0023632312,100.000000,0.54628571,0.0000158136,0.0793493635
1205,6.1235218619,0.0389117482,1.0023614528,100.000000,0.54628571,0.0000158761,0.0793366159
1207,6.1015261162,0.0407717217,1.0023595996,100.000000,0.54628571,0.0000159375,0.0793262666
1209,6.0787184486,0.0420760268,1.0023576638,100.000000,0.54628571,0.0000159976,0.0793182549
1211,6.0557943065,0.0427920587,1.0023556389,100.000000,0.54628571,0.0000160566,0.0793123902
1213,6.0334109683,0.0428826901,1.0023535221,100.000000,0.54628571,0.0000161142,0.0793083883
1215,6.0121486074,0.0423118102,1.0023513141,100.000000,0.54628571,0.0000161704,0.0793059100
1217,5.9924867880,0.0410516640,1.0023490203,100.000000,0.54628571,0.0000162250,0.0793045963
1219,5.9747972542,0.0390910941,1.0023466502,100.000000,0.54628571,0.0000162778,0.0793040966
1221,5.9593509724,0.0364434796,1.0023442171,100.000000,0.54628571,0.0000163287,0.0793040900
1223,5.9463349745,0.0331530090,1.0023417371,100.000000,0.54628571,0.0000163777,0.0793042968
1225,5.9358730977,0.0292979746,1.0023392286,100.000000,0.54628571,0.0000164249,0.0793044830
1227,5.9280446164,0.0249900824,1.0023367108,100.000000,0.54628571,0.0000164708,0.0793044611
1229,5.9228961307,0.0203692969,1.0023342032,100.000000,0.54628571,0.0000165159,0.0793040865
1231,5.9204446459,0.0155944249,1.0023317246,100.000000,0.54628571,0.0000165607,0.0793032536
1233,5.9206728297,0.0108303646,1.0023292927,100.000000,0.54628571,0.0000166058,0.0793020594
1235,5.9235200528,0.0062335723,1.0023269237,100.000000,0.54628571,0.0000166515,0.0793003702
1237,5.9288741251,0.0019377205,1.0023246322,100.000000,0.54628571,0.0000166981,0.0792980871
1239,5.9365682476,-0.0019583620,1.0023224309,100.000000,0.54628571,0.0000167457,0.0792951978
1241,5.9463857817,-0.0053986148,1.0023203311,100.000000,0.54628571,0.0000167942,0.0792916954
1243,5.9580727370,-0.0083722572,1.0023183420,100.000000,0.54628571,0.0000168438,0.0792875748
1245,5.9713553586,-0.0109104566,1.0023164715,100.000000,0.54628571,0.0000168944,0.0792828340
1247,5.9859586726,-0.0130777050,1.0023147252,100.000000,0.54628571,0.0000169461,0.0792774813
1249,6.0016216961,-0.0149593760,1.0023131072,100.000000,0.54628571,0.0000169990,0.0792715470
1251,6.0181061231,-0.0166475978,1.0023116190,100.000000,0.54628571,0.0000170531,0.0792650949
1253,6.0351971484,-0.0182278185,1.0023102598,100.000000,0.54628571,0.0000171083,0.0792582298
1255,6.0526970682,-0.0197681884,1.0023090258,100.000000,0.54628571,0.0000171643,0.0792510948
1257,6.0704138906,-0.0213131956,1.0023079106,100.000000,0.54628571,0.0000172206,0.0792438564
1259,6.0881481126,-0.0228820326,1.0023069051,100.000000,0.54628571,0.0000172765,0.0792366758
1261,6.1056810307,-0.0244711948,1.0023059977,100.000000,0.54628571,0.0000173312,0.0792296701
1263,6.1227675437,-0.0260600503,1.0023051758,100.000000,0.54628571,0.0000173841,0.0792228700
1265,6.1391355403,-0.0276177518,1.0023044258,100.000000,0.54628571,0.0000174346,0.0792161834
1267,6.1544928179,-0.0291099283,1.0023037353,100.000000,0.54628571,0.0000174823,0.0792093737
1269,6.1685412146,-0.0305040124,1.0023030935,100.000000,0.54628571,0.0000175273,0.0792020629
1271,6.1809964369,-0.0317726582,1.0023024932,100.000000,0.54628571,0.0000175695,0.0791937635
1273,6.1916111080,-0.0328952825,1.0023019315,100.000000,0.54628571,0.0000176089,0.0791839399
1275,6.2001979868,-0.0338581564,1.0023014102,100.000000,0.54628571,0.0000176458,0.0791720919
1277,6.2066501992,-0.0346536328,1.0023009362,100.000000,0.54628571,0.0000176800,0.0791578510
1279,6.2109556746,-0.0352790223,1.0023005211,100.000000,0.54628571,0.0000177115,0.0791410704
1281,6.2132036918,-0.0357354403,1.0023001804,100.000000,0.54628571,0.0000177404,0.0791218962
1283,6.2135823903,-0.0360267372,1.0022999321,100.000000,0.54628571,0.0000177669,0.0791008025
1285,6.2123671425,-0.0361584816,1.0022997954,100.000000,0.54628571,0.0000177914,0.0790785826
1287,6.2099006977,-0.0361369210,1.0022997892,100.000000,0.54628571,0.0000178146,0.0790562950
1289,6.2065669283,-0.0359678795,1.0022999307,100.000000,0.54628571,0.0000178371,0.0790351688
1291,6.2027607523,-0.0356556205,1.0023002341,100.000000,0.54628571,0.0000178597,0.0790164817
1293,6.1988573322,-0.0352017599,1.0023007098,100.000000,0.54628571,0.0000178829,0.0790014275
1295,6.1951838603,-0.0346043398,1.0023013641,100.000000,0.54628571,0.0000179069,0.0789910695
1297,6.1919970648,-0.0338571572,1.0023021988,100.000000,0.54628571,0.0000179315,0.0789858634
1299,6.1894689470,-0.0329494159,1.0023032119,100.000000,0.54628571,0.0000179561,0.0789863608
1301,6.1876822033,-0.0318657369,1.0023043975,100.000000,0.54628571,0.0000179801,0.0789924372
1303,6.1866354187,-0.0305865484,1.0023057470,100.000000,0.54628571,0.0000180031,0.0790037039
1305,6.1862566547,-0.0290888786,1.0023072497,100.000000,0.54628571,0.0000180245,0.0790194978
1307,6.1864227955,-0.0273475732,1.0023088935,100.000000,0.54628571,0.0000180442,0.0790389679
1309,6.1869812181,-0.0253369566,1.0023106657,100.000000,0.54628571,0.0000180622,0.0790611660
1311,6.1877702137,-0.0230329204,1.0023125543,100.000000,0.54628571,0.0000180788,0.0790851294
1313,6.1886351225,-0.0204153622,1.0023145475,100.000000,0.54628571,0.0000180941,0.0791099453
1315,6.1894382156,-0.0174708066,1.0023166353,100.000000,0.54628571,0.0000181081,0.0791347938
1317,6.1900617090,-0.0141949480,1.0023188089,100.000000,0.54628571,0.0000181205,0.0791589703
1319,6.1904046119,-0.0105947721,1.0023210615,100.000000,0.54628571,0.0000181310,0.0791818934
1321,6.1903751542,-0.0066898952,1.0023233878,100.000000,0.54628571,0.0000181391,0.0792031025
1323,6.1898811509,-0.0025128133,1.0023257836,100.000000,0.54628571,0.0000181445,0.0792222509
1325,6.1888208230,0.0018921004,1.0023282457,100.000000,0.54628571,0.0000181468,0.0792390984
1327,6.1870763733,0.0064707985,1.0023307706,100.000000,0.54628571,0.0000181459,0.0792535032
1329,6.1845120976,0.0111626773,1.0023333544,100.000000,0.54628571,0.0000181418,0.0792654147
1331,6.1809781021,0.0159041363,1.0023359913,100.000000,0.54628571,0.0000181344,0.0792748628
1333,6.1763198416,0.0206320187,1.0023386734,100.000000,0.54628571,0.0000181238,0.0792819464
1335,6.1703927597,0.0252864197,1.0023413899,100.000000,0.54628571,0.0000181101,0.0792868178
1337,6.1630803706,0.0298125145,1.0023441271,100.000000,0.54628571,0.0000180932,0.0792896652
1339,6.1543132960,0.0341612927,1.0023468685,100.000000,0.54628571,0.0000180729,0.0792906950
1341,6.1440862368,0.0382893202,1.0023495952,100.000000,0.54628571,0.0000180493,0.0792901156
1343,6.1324697791,0.0421578161,1.0023522870,100.000000,0.54628571,0.0000180223,0.0792881246
1345,6.1196144259,0.0457314009,1.0023549232,100.000000,0.54628571,0.0000179921,0.0792849016
1347,6.1057453139,0.0489768456,1.0023574841,100.000000,0.54628571,0.0000179589,0.0792806059
1349,6.0911475608,0.0518620569,1.0023599518,100.000000,0.54628571,0.0000179231,0.0792753794
1351,6.0761438338,0.0543554219,1.0023623115,100.000000,0.54628571,0.0000178850,0.0792693524
1353,6.0610671719,0.0564255398,1.0023645520,100.000000,0.54628571,0.0000178447,0.0792626510
1355,6.0462330272,0.0580413135,1.0023666666,100.000000,0.54628571,0.0000178024,0.0792554036
1357,6.0319146803,0.0591723596,1.0023686530,100.000000,0.54628571,0.0000177577,0.0792477461
1359,6.0183255926,0.0597897038,1.0023705131,100.000000,0.54628571,0.0000177103,0.0792398233
1361,6.0056110036,0.0598667462,1.0023722524,100.000000,0.54628571,0.0000176596,0.0792317876
1363,5.9938494387,0.0593804872,1.0023738798,100.000000,0.54628571,0.0000176051,0.0792237942
1365,5.9830630997,0.0583129964,1.0023754061,100.000000,0.54628571,0.0000175462,0.0792159935
1367,5.9732346984,0.0566530785,1.0023768437,100.000000,0.54628571,0.0000174825,0.0792085224
1369,5.9643273974,0.0543980567,1.0023782048,100.000000,0.54628571,0.0000174136,0.0792014941
1371,5.9563042560,0.0515555488,1.0023795014,100.000000,0.54628571,0.0000173395,0.0791949889
1373,5.9491439097,0.0481450760,1.0023807439,100.000000,0.54628571,0.0000172604,0.0791890468
1375,5.9428500092,0.0441993079,1.0023819406,100.000000,0.54628571,0.0000171765,0.0791836640
1377,5.9374530288,0.0397647370,1.0023830979,100.000000,0.54628571,0.0000170882,0.0791787928
1379,5.9330042304,0.0349015829,1.0023842196,100.000000,0.54628571,0.0000169957,0.0791743472
1381,5.9295627101,0.0296827679,1.0023853074,100.000000,0.54628571,0.0000168995,0.0791702132
1383,5.9271774473,0.0241918875,1.0023863611,100.000000,0.54628571,0.0000167998,0.0791662615
1385,5.9258670534,0.0185202041,1.0023873793,100.000000,0.54628571,0.0000166966,0.0791623639
1387,5.9256004101,0.0127628302,1.0023883596,100.000000,0.54628571,0.0000165901,0.0791584087
1389,5.9262815095,0.0070144029,1.0023892990,100.000000,0.54628571,0.0000164801,0.0791543142
1391,5.9277414828,0.0013646664,1.0023901948,100.000000,0.54628571,0.0000163663,0.0791500384
1393,5.9297399914,-0.0041055434,1.0023910440,100.000000,0.54628571,0.0000162484,0.0791455825
1395,5.9319768883,-0.0093274195,1.0023918442,100.000000,0.54628571,0.0000161260,0.0791409882
1397,5.9341135139,-0.0142459929,1.0023925930,100.000000,0.54628571,0.0000159986,0.0791363285
1399,5.9358014096,-0.0188203722,1.0023932884,100.000000,0.54628571,0.0000158660,0.0791316930
1401,5.9367149479,-0.0230223782,1.0023939285,100.000000,0.54628571,0.0000157277,0.0791271700
1403,5.9365836520,-0.0268337831,1.0023945116,100.000000,0.54628571,0.0000155837,0.0791228287
1405,5.9352199939,-0.0302425937,1.0023950363,100.000000,0.54628571,0.0000154337,0.0791187033
1407,5.9325392047,-0.0332389891,1.0023955019,100.000000,0.54628571,0.0000152778,0.0791147839
1409,5.9285689335,-0.0358115964,1.0023959087,100.000000,0.54628571,0.0000151160,0.0791110145
1411,5.9234481752,-0.0379447636,1.0023962582,100.000000,0.54628571,0.0000149483,0.0791072996
1413,5.9174164045,-0.0396173530,1.0023965539,100.000000,0.54628571,0.0000147745,0.0791035177
1415,5.9107950378,-0.0408033701,1.0023968014,100.000000,0.54628571,0.0000145945,0.0790995406
1417,5.9039640154,-0.0414744718,1.0023970087,100.000000,0.54628571,0.0000144082,0.0790952531
1419,5.8973364065,-0.0416041205,1.0023971863,100.000000,0.54628571,0.0000142151,0.0790905724
1421,5.8913335646,-0.0411728761,1.0023973471,100.000000,0.54628571,0.0000140151,0.0790854609
1423,5.8863626524,-0.0401741035,1.0023975061,100.000000,0.54628571,0.0000138080,0.0790799330
1425,5.8827975065,-0.0386192357,1.0023976800,100.000000,0.54628571,0.0000135936,0.0790740549
1427,5.8809630306,-0.0365417060,1.0023978863,100.000000,0.54628571,0.0000133719,0.0790679362
1429,5.8811227600,-0.0339987647,1.0023981431,100.000000,0.54628571,0.0000131429,0.0790617181
1431,5.8834690477,-0.0310706297,1.0023984681,100.000000,0.54628571,0.0000129068,0.0790555583
1433,5.8881154934,-0.0278567634,1.0023988781,100.000000,0.54628571,0.0000126637,0.0790496150
1435,5.8950916883,-0.0244694784,1.0023993884,100.000000,0.54628571,0.0000124138,0.0790440335
1437,5.9043408662,-0.0210254971,1.0024000121,100.000000,0.54628571,0.0000121573,0.0790389343
1439,5.9157214178,-0.0176364433,1.0024007602,100.000000,0.54628571,0.0000118945,0.0790344048
1441,5.9290132121,-0.0143994716,1.0024016412,100.000000,0.54628571,0.0000116253,0.0790304946
1443,5.9439292125,-0.0113892930,1.0024026607,100.000000,0.54628571,0.0000113502,0.0790272147
1445,5.9601320395,-0.0086527064,1.0024038221,100.000000,0.54628571,0.0000110690,0.0790245395
1447,5.9772541567,-0.0062064114,1.0024051260,100.000000,0.54628571,0.0000107820,0.0790224127
1449,5.9949195366,-0.0040384044,1.0024065707,100.000000,0.54628571,0.0000104889,0.0790207565
1451,6.0127642575,-0.0021127145,1.0024081522,100.000000,0.54628571,0.0000101895,0.0790194827
1453,6.0304536354,-0.0003767195,1.0024098646,100.000000,0.54628571,0.0000098836,0.0790185039
1455,6.0476941591,0.0012301135,1.0024117001,100.000000,0.54628571,0.0000095706,0.0790177433
1457,6.0642394832,0.0027674137,1.0024136492,100.000000,0.54628571,0.0000092500,0.0790171411
1459,6.0798907895,0.0042863176,1.0024157011,100.000000,0.54628571,0.0000089212,0.0790166540
1461,6.0944926820,0.0058241205,1.0024178439,100.000000,0.54628571,0.0000085836,0.0790162492
1463,6.1079262961,0.0074017157,1.0024200647,100.000000,0.54628571,0.0000082366,0.0790158925
1465,6.1201014078,0.0090238316,1.0024223506,100.000000,0.54628571,0.0000078799,0.0790155321
1467,6.1309491009,0.0106815776,1.0024246884,100.000000,0.54628571,0.0000075129,0.0790150836
1469,6.1404160998,0.0123564644,1.0024270659,100.000000,0.54628571,0.0000071354,0.0790144191
1471,6.1484613490,0.0140249274,1.0024294714,100.000000,0.54628571,0.0000067472,0.0790133646
1473,6.1550549366,0.0156624732,1.0024318949,100.000000,0.54628571,0.0000063481,0.0790117106
1475,6.1601790913,0.0172468225,1.0024343280,100.000000,0.54628571,0.0000059383,0.0790118001
1477,6.1638307696,0.0187597687,1.0024367642,100.000000,0.54628571,0.0000055177,0.0790121727
1479,6.1660252710,0.0201877934,1.0024391987,100.000000,0.54628571,0.0000050867,0.0790119963
1481,6.1668003386,0.0215217129,1.0024416283,100.000000,0.54628571,0.0000046457,0.0790110892
1483,6.1662202637,0.0227557331,1.0024440514,100.000000,0.54628571,0.0000041950,0.0790093729
1485,6.1643795650,0.0238862646,1.0024464673,100.000000,0.54628571,0.0000037351,0.0790069103
1487,6.1614058199,0.0249107503,1.0024488760,100.000000,0.54628571,0.0000032665,0.0790039278
1489,6.1574611855,0.0258266300,1.0024512778,100.000000,0.54628571,0.0000027895,0.0790008151
1491,6.1527420827,0.0266304649,1.0024536728,100.000000,0.54628571,0.0000023042,0.0789981015
1493,6.1474764880,0.0273171921,1.0024560610,100.000000,0.54628571,0.0000018107,0.0789964093
1495,6.1419183280,0.0278794778,1.0024584415,100.000000,0.54628571,0.0000013086,0.0789963900
1497,6.1363386639,0.0283071682,1.0024608133,100.000000,0.54628571,0.0000007977,0.0789986523
1499,6.1310136841,0.0285868750,1.0024631749,100.000000,0.54628571,0.0000002773,0.0790036912
1501,6.1262099709,0.0287017537,1.0024655244,100.000000,0.54628571,-0.0000002532,0.0790118287
1503,6.1221679943,0.0286315382,1.0024678601,100.000000,0.54628571,-0.0000007943,0.0790231735
1505,6.1190852122,0.0283528779,1.0024701805,100.000000,0.54628571,-0.0000013466,0.0790376062
1507,6.1171004249,0.0278400024,1.0024724847,100.000000,0.54628571,-0.0000019105,0.0790547903
1509,6.1162810781,0.0270657128,1.0024747726,100.000000,0.54628571,-0.0000024865,0.0790742068
1511,6.1166149979,0.0260026812,1.0024770447,100.000000,0.54628571,-0.0000030745,0.0790952052
1513,6.1180076169,0.0246250245,1.0024793029,100.000000,0.54628571,-0.0000036747,0.0791170648
1515,6.1202851770,0.0229100967,1.0024815500,100.000000,0.54628571,-0.0000042870,0.0791390552
1517,6.1232037587,0.0208404130,1.0024837897,100.000000,0.54628571,-0.0000049111,0.0791604892
1519,6.1264633933,0.0184055821,1.0024860267,100.000000,0.54628571,-0.0000055470,0.0791807641
1521,6.1297260233,0.0156040738,1.0024882668,100.000000,0.54628571,-0.0000061944,0.0791993864
1523,6.1326357440,0.0124446181,1.0024905160,100.000000,0.54628571,-0.0000068533,0.0792159826
1525,6.1348396064,0.0089470186,1.0024927810,100.000000,0.54628571,-0.0000075234,0.0792302980
1527,6.1360072946,0.0051421953,1.0024950683,100.000000,0.54628571,-0.0000082050,0.0792421876
1529,6.1358481956,0.0010713503,1.0024973841,100.000000,0.54628571,-0.0000088981,0.0792516022
1531,6.1341247382,-0.0032157293,1.0024997337,100.000000,0.54628571,-0.0000096029,0.0792585739
1533,6.1306613482,-0.0076630759,1.0025021209,100.000000,0.54628571,-0.0000103198,0.0792632021
1535,6.1253488894,-0.0122113668,1.0025045476,100.000000,0.54628571,-0.0000110489,0.0792656397
1537,6.1181449681,-0.0168007964,1.0025070135,100.000000,0.54628571,-0.0000117907,0.0792660805
1539,6.1090708848,-0.0213736087,1.0025095154,100.000000,0.54628571,-0.0000125453,0.0792647473
1541,6.0982062542,-0.0258759724,1.0025120472,100.000000,0.54628571,-0.0000133129,0.0792618784
1543,6.0856823439,-0.0302590110,1.0025146002,100.000000,0.54628571,-0.0000140937,0.0792577160
1545,6.0716750016,-0.0344789706,1.0025171630,100.000000,0.54628571,-0.0000148875,0.0792524947
1547,6.0563977041,-0.0384966634,1.0025197224,100.000000,0.54628571,-0.0000156943,0.0792464333
1549,6.0400948519,-0.0422764369,1.0025222638,100.000000,0.54628571,-0.0000165141,0.0792397287
1551,6.0230350723,-0.0457849665,1.0025247719,100.000000,0.54628571,-0.0000173468,0.0792325556
1553,6.0055040652,-0.0489901462,1.0025272320,100.000000,0.54628571,-0.0000181923,0.0792250688
1555,5.9877965130,-0.0518602831,1.0025296302,100.000000,0.54628571,-0.0000190506,0.0792174090
1557,5.9702067842,-0.0543637107,1.0025319545,100.000000,0.54628571,-0.0000199218,0.0792097101
1559,5.9530185396,-0.0564688469,1.0025341950,100.000000,0.54628571,-0.0000208059,0.0792021063
1561,5.9364938131,-0.0581446599,1.0025363448,100.000000,0.54628571,-0.0000217032,0.0791947374
1563,5.9208625425,-0.0593614690,1.0025383995,100.000000,0.54628571,-0.0000226139,0.0791877500
1565,5.9063137580,-0.0600920008,1.0025403578,100.000000,0.54628571,-0.0000235380,0.0791812952
1567,5.8929896093,-0.0603126278,1.0025422208,100.000000,0.54628571,-0.0000244757,0.0791755216
1569,5.8809831020,-0.0600047261,1.0025439919,100.000000,0.54628571,-0.0000254272,0.0791705644
1571,5.8703398781,-0.0591560929,1.0025456766,100.000000,0.54628571,-0.0000263926,0.0791665325
1573,5.8610637141,-0.0577623558,1.0025472817,100.000000,0.54628571,-0.0000273718,0.0791634951
1575,5.8531247686,-0.0558282888,1.0025488148,100.000000,0.54628571,-0.0000283649,0.0791614691
1577,5.8464691264,-0.0533689252,1.0025502842,100.000000,0.54628571,-0.0000293720,0.0791604107
1579,5.8410279635,-0.0504103402,1.0025516985,100.000000,0.54628571,-0.0000303929,0.0791602122
1581,5.8367247454,-0.0469899676,1.0025530660,100.000000,0.54628571,-0.0000314277,0.0791607045
1583,5.8334792700,-0.0431563288,1.0025543947,100.000000,0.54628571,-0.0000324764,0.0791616672
1585,5.8312080030,-0.0389680852,1.0025556922,100.000000,0.54628571,-0.0000335391,0.0791628442
1587,5.8298209202,-0.0344923868,1.0025569660,100.000000,0.54628571,-0.0000346157,0.0791639643
1589,5.8292158311,-0.0298025646,1.0025582226,100.000000,0.54628571,-0.0000357065,0.0791647629
1591,5.8292717604,-0.0249753033,1.0025594685,100.000000,0.54628571,-0.0000368114,0.0791650045
1593,5.8298432964,-0.0200875113,1.0025607095,100.000000,0.54628571,-0.0000379305,0.0791645002
1595,5.8307577878,-0.0152131752,1.0025619507,100.000000,0.54628571,-0.0000390639,0.0791631199
1597,5.8318168791,-0.0104205152,1.0025631967,100.000000,0.54628571,-0.0000402117,0.0791607963
1599,5.8328031668,-0.0057697531,1.0025644511,100.000000,0.54628571,-0.0000413740,0.0791575209
1601,5.8334918727,-0.0013117480,1.0025657164,100.000000,0.54628571,-0.0000425510,0.0791533329
1603,5.8336665087,0.0029123501,1.0025669939,100.000000,0.54628571,-0.0000437428,0.0791483022
1605,5.8331367447,0.0068704080,1.0025682833,100.000000,0.54628571,-0.0000449496,0.0791425104
1607,5.8317562128,0.0105377134,1.0025695829,100.000000,0.54628571,-0.0000461718,0.0791360337
1609,5.8294378819,0.0138947493,1.0025708895,100.000000,0.54628571,-0.0000474094,0.0791289281
1611,5.8261649287,0.0169247224,1.0025721985,100.000000,0.54628571,-0.0000486629,0.0791212236
1613,5.8219956465,0.0196112830,1.0025735041,100.000000,0.54628571,-0.0000499322,0.0791129240
1615,5.8170617651,0.0219368621,1.0025747998,100.000000,0.54628571,-0.0000512176,0.0791040154
1617,5.8115604466,0.0238819703,1.0025760787,100.000000,0.54628571,-0.0000525191,0.0790944797
1619,5.8057410188,0.0254256625,1.0025773339,100.000000,0.54628571,-0.0000538366,0.0790843106
1621,5.7998880959,0.0265471914,1.0025785593,100.000000,0.54628571,-0.0000551699,0.0790735292
1623,5.7943030173,0.0272286796,1.0025797498,100.000000,0.54628571,-0.0000565188,0.0790621949
1625,5.7892855032,0.0274584627,1.0025809016,100.000000,0.54628571,-0.0000578832,0.0790504105
1627,5.7851171077,0.0272346158,1.0025820128,100.000000,0.54628571,-0.0000592628,0.0790383195
1629,5.7820475455,0.0265681086,1.0025830834,100.000000,0.54628571,-0.0000606573,0.0790260960
1631,5.7802843864,0.0254850379,1.0025841154,100.000000,0.54628571,-0.0000620668,0.0790139290
1633,5.7799860872,0.0240274758,1.0025851124,100.000000,0.54628571,-0.0000634912,0.0790020047
1635,5.7812579594,0.0222526313,1.0025860801,100.000000,0.54628571,-0.0000649304,0.0789904881
1637,5.7841505052,0.0202302434,1.0025870254,100.000000,0.54628571,-0.0000663847,0.0789795085
1639,5.7886595956,0.0180383628,1.0025879562,100.000000,0.54628571,-0.0000678539,0.0789691504
1641,5.7947281406,0.0157579193,1.0025888812,100.000000,0.54628571,-0.0000693383,0.0789594501
1643,5.8022491321,0.0134666619,1.0025898095,100.000000,0.54628571,-0.0000708378,0.0789503995
1645,5.8110701177,0.0112331808,1.0025907503,100.000000,0.54628571,-0.0000723525,0.0789419547
1647,5.8209992185,0.0091117417,1.0025917123,100.000000,0.54628571,-0.0000738822,0.0789340471
1649,5.8318127233,0.0071385842,1.0025927042,100.000000,0.54628571,-0.0000754271,0.0789265973
1651,5.8432640939,0.0053301515,1.0025937338,100.000000,0.54628571,-0.0000769873,0.0789195271
1653,5.8550939811,0.0036834696,1.0025948082,100.000000,0.54628571,-0.0000785629,0.0789127697
1655,5.8670406499,0.0021785949,1.0025959337,100.000000,0.54628571,-0.0000801543,0.0789062779
1657,5.8788501175,0.0007827644,1.0025971158,100.000000,0.54628571,-0.0000817618,0.0789000282
1659,5.8902853364,-0.0005443550,1.0025983589,100.000000,0.54628571,-0.0000833860,0.0788940217
1661,5.9011339019,-0.0018450625,1.0025996664,100.000000,0.54628571,-0.0000850271,0.0788882826
1663,5.9112139817,-0.0031584273,1.0026010408,100.000000,0.54628571,-0.0000866856,0.0788828536
1665,5.9203783986,-0.0045161608,1.0026024834,100.000000,0.54628571,-0.0000883618,0.0788777891
1667,5.9285169930,-0.0059400008,1.0026039945,100.000000,0.54628571,-0.0000900558,0.0788731463
1669,5.9355575251,-0.0074407778,1.0026055733,100.000000,0.54628571,-0.0000917675,0.0788689756
1671,5.9414654278,-0.0090190427,1.0026072180,100.000000,0.54628571,-0.0000934968,0.0788653101
1673,5.9462427011,-0.0106668980,1.0026089261,100.000000,0.54628571,-0.0000952435,0.0788621562
1675,5.9499261620,-0.0123705224,1.0026106941,100.000000,0.54628571,-0.0000970073,0.0788594868
1677,5.9525851569,-0.0141128498,1.0026125184,100.000000,0.54628571,-0.0000987880,0.0788572371
1679,5.9543187189,-0.0158759321,1.0026143945,100.000000,0.54628571,-0.0001005854,0.0788553063
1681,5.9552520544,-0.0176426722,1.0026163182,100.000000,0.54628571,-0.0001023993,0.0788535640
1683,5.9555321775,-0.0193977960,1.0026182851,100.000000,0.54628571,-0.0001042295,0.0788518622
1685,5.9553225133,-0.0211281049,1.0026202909,100.000000,0.54628571,-0.0001060759,0.0788500521
1687,5.9547963590,-0.0228221689,1.0026223317,100.000000,0.54628571,-0.0001079384,0.0788480023
1689,5.9541292292,-0.0244696742,1.0026244039,100.000000,0.54628571,-0.0001098170,0.0788456189
1691,5.9534902894,-0.0260606305,1.0026265040,100.000000,0.54628571,-0.0001117114,0.0788428614
1693,5.9530332741,-0.0275845887,1.0026286290,100.000000,0.54628571,-0.0001136217,0.0788397541
1695,5.9528874472,-0.0290299584,1.0026307760,100.000000,0.54628571,-0.0001155478,0.0788363896
1697,5.9531492687,-0.0303834544,1.0026329421,100.000000,0.54628571,-0.0001174898,0.0788329237
1699,5.9538754590,-0.0316296719,1.0026351247,100.000000,0.54628571,-0.0001194477,0.0788295619
1701,5.9550780896,-0.0327507854,1.0026373211,100.000000,0.54628571,-0.0001214218,0.0788265387
1703,5.9567221991,-0.0337263785,1.0026395286,100.000000,0.54628571,-0.0001234122,0.0788240917
1705,5.9587262382,-0.0345334314,1.0026417448,100.000000,0.54628571,-0.0001254192,0.0788224345
1707,5.9609654196,-0.0351465069,1.0026439675,100.000000,0.54628571,-0.0001274430,0.0788217315
1709,5.9632778099,-0.0355381746,1.0026461946,100.000000,0.54628571,-0.0001294835,0.0788220769
1711,5.9654727710,-0.0356797043,1.0026484249,100.000000,0.54628571,-0.0001315409,0.0788234824
1713,5.9673411608,-0.0355420336,1.0026506575,100.000000,0.54628571,-0.0001336149,0.0788258733
1715,5.9686665612,-0.0350969908,1.0026528926,100.000000,0.54628571,-0.0001357053,0.0788290929
1717,5.9692367257,-0.0343187257,1.0026551310,100.000000,0.54628571,-0.0001378119,0.0788329159
1719,5.9688544447,-0.0331852773,1.0026573745,100.000000,0.54628571,-0.0001399344,0.0788370676
1721,5.9673471205,-0.0316801820,1.0026596260,100.000000,0.54628571,-0.0001420725,0.0788412454
1723,5.9645744975,-0.0297940086,1.0026618888,100.000000,0.54628571,-0.0001442260,0.0788451428
1725,5.9604342088,-0.0275256854,1.0026641673,100.000000,0.54628571,-0.0001463949,0.0788484694
1727,5.9548650193,-0.0248834799,1.0026664661,100.000000,0.54628571,-0.0001485791,0.0788509694
1729,5.9478478538,-0.0218854937,1.0026687903,100.000000,0.54628571,-0.0001507785,0.0788524338
1731,5.9394048574,-0.0185595645,1.0026711448,100.000000,0.54628571,-0.0001529932,0.0788527078
1733,5.9295968274,-0.0149425173,1.0026735341,100.000000,0.54628571,-0.0001552233,0.0788516936
1735,5.9185193862,-0.0110787797,1.0026759622,100.000000,0.54628571,-0.0001574687,0.0788493486
1737,5.9062982413,-0.0070184678,1.0026784319,100.000000,0.54628571,-0.0001597295,0.0788456802
1739,5.8930838255,-0.0028151314,1.0026809447,100.000000,0.54628571,-0.0001620056,0.0788407386
1741,5.8790455609,0.0014765879,1.0026835005,100.000000,0.54628571,-0.0001642971,0.0788346082
1743,5.8643659570,0.0058031091,1.0026860976,100.000000,0.54628571,-0.0001666038,0.0788273995
1745,5.8492347562,0.0101136260,1.0026887321,100.000000,0.54628571,-0.0001689258,0.0788192409
1747,5.8338433650,0.0143612073,1.0026913988,100.000000,0.54628571,-0.0001712631,0.0788102716
1749,5.8183798394,0.0185032166,1.0026940904,100.000000,0.54628571,-0.0001736155,0.0788006370
1751,5.8030247018,0.0225011043,1.0026967986,100.000000,0.54628571,-0.0001759830,0.0787904847
1753,5.7879478207,0.0263197214,1.0026995139,100.000000,0.54628571,-0.0001783655,0.0787799622
1755,5.7733064851,0.0299263756,1.0027022262,100.000000,0.54628571,-0.0001807629,0.0787692155
1757,5.7592446458,0.0332898594,1.0027049251,100.000000,0.54628571,-0.0001831749,0.0787583883
1759,5.7458931187,0.0363796601,1.0027076004,100.000000,0.54628571,-0.0001856014,0.0787476206
1761,5.7333703950,0.0391654930,1.0027102427,100.000000,0.54628571,-0.0001880423,0.0787370475
1763,5.7217836139,0.0416172313,1.0027128432,100.000000,0.54628571,-0.0001904973,0.0787267965
1765,5.7112292654,0.0437052313,1.0027153946,100.000000,0.54628571,-0.0001929664,0.0787169839
1767,5.7017932953,0.0454009994,1.0027178907,100.000000,0.54628571,-0.0001954494,0.0787077112
1769,5.6935504661,0.0466781188,1.0027203272,100.000000,0.54628571,-0.0001979462,0.0786990598
1771,5.6865630292,0.0475133425,1.0027227011,100.000000,0.54628571,-0.0002004568,0.0786910869
1773,5.6808789422,0.0478877654,1.0027250112,100.000000,0.54628571,-0.0002029812,0.0786838210
1775,5.6765299763,0.0477879988,1.0027272579,100.000000,0.54628571,-0.0002055192,0.0786772589
1777,5.6735300701,0.0472072786,1.0027294430,100.000000,0.54628571,-0.0002080710,0.0786713640
1779,5.6718742098,0.0461464416,1.0027315696,100.000000,0.54628571,-0.0002106365,0.0786660671
1781,5.6715379747,0.0446147019,1.0027336419,100.000000,0.54628571,-0.0002132156,0.0786612689
1783,5.6724777139,0.0426301538,1.0027356653,100.000000,0.54628571,-0.0002158085,0.0786568452
1785,5.6746311805,0.0402199287,1.0027376453,100.000000,0.54628571,-0.0002184152,0.0786526539
1787,5.6779183619,0.0374199391,1.0027395883,100.000000,0.54628571,-0.0002210355,0.0786485440
1789,5.6822422530,0.0342741669,1.0027415003,100.000000,0.54628571,-0.0002236697,0.0786443653
1791,5.6874894086,0.0308334827,1.0027433874,100.000000,0.54628571,-0.0002263176,0.0786399783
1793,5.6935302739,0.0271540330,1.0027452551,100.000000,0.54628571,-0.0002289793,0.0786352630
1795,5.7002194825,0.0232952791,1.0027471083,100.000000,0.54628571,-0.0002316548,0.0786301263
1797,5.7073964841,0.0193178255,1.0027489508,100.000000,0.54628571,-0.0002343440,0.0786245064
1799,5.7148869765,0.0152812129,1.0027507857,100.000000,0.54628571,-0.0002370472,0.0786183746
1801,5.7225056273,0.0112418773,1.0027526147,100.000000,0.54628571,-0.0002397642,0.0786117339
1803,5.7300604679,0.0072514719,1.0027544386,100.000000,0.54628571,-0.0002424952,0.0786046150
1805,5.7373591321,0.0033557216,1.0027562569,100.000000,0.54628571,-0.0002452403,0.0785970700
1807,5.7442168240,-0.0004060801,1.0027580680,100.000000,0.54628571,-0.0002479995,0.0785891643
1809,5.7504655767,-0.0040009006,1.0027598695,100.000000,0.54628571,-0.0002507729,0.0785809689
1811,5.7559640702,-0.0074011886,1.0027616582,100.000000,0.54628571,-0.0002535604,0.0785725527
1813,5.7606070564,-0.0105836394,1.0027634302,100.000000,0.54628571,-0.0002563621,0.0785639761
1815,5.7643333433,-0.0135277412,1.0027651810,100.000000,0.54628571,-0.0002591777,0.0785552875
1817,5.7671313405,-0.0162143765,1.0027669062,100.000000,0.54628571,-0.0002620071,0.0785465206
1819,5.7690413607,-0.0186247629,1.0027686012,100.000000,0.54628571,-0.0002648499,0.0785376962
1821,5.7701541953,-0.0207399708,1.0027702616,100.000000,0.54628571,-0.0002677058,0.0785288242
1823,5.7706058795,-0.0225411715,1.0027718835,100.000000,0.54628571,-0.0002705745,0.0785199078
1825,5.7705689920,-0.0240106506,1.0027734633,100.000000,0.54628571,-0.0002734556,0.0785109485
1827,5.7702412164,-0.0251334946,1.0027749986,100.000000,0.54628571,-0.0002763490,0.0785019503
1829,5.7698321862,-0.0258997298,1.0027764875,100.000000,0.54628571,-0.0002792544,0.0784929230
1831,5.7695497801,-0.0263066010,1.0027779292,100.000000,0.54628571,-0.0002821720,0.0784838840
1833,5.7695870329,-0.0263606248,1.0027793239,100.000000,0.54628571,-0.0002851018,0.0784748581
1835,5.7701106734,-0.0260790532,1.0027806725,100.000000,0.54628571,-0.0002880440,0.0784658759
1837,5.7712520436,-0.0254904415,1.0027819772,100.000000,0.54628571,-0.0002909991,0.0784569712
1839,5.7731008471,-0.0246341194,1.0027832407,100.000000,0.54628571,-0.0002939673,0.0784481780
1841,5.7757018730,-0.0235585017,1.0027844664,100.000000,0.54628571,-0.0002969490,0.0784395283
1843,5.7790546009,-0.0223183291,1.0027856582,100.000000,0.54628571,-0.0002999447,0.0784310510
1845,5.7831154285,-0.0209710752,1.0027868204,100.000000,0.54628571,-0.0003029545,0.0784227724
1847,5.7878021780,-0.0195728774,1.0027879573,100.000000,0.54628571,-0.0003059786,0.0784147188
1849,5.7930005072,-0.0181744267,1.0027890732,100.000000,0.54628571,-0.0003090172,0.0784069199
1851,5.7985718401,-0.0168172745,1.0027901723,100.000000,0.54628571,-0.0003120701,0.0783994127
1853,5.8043624094,-0.0155309782,1.0027912588,100.000000,0.54628571,-0.0003151374,0.0783922454
1855,5.8102129588,-0.0143314150,1.0027923365,100.000000,0.54628571,-0.0003182188,0.0783854793
1857,5.8159685844,-0.0132204541,1.0027934090,100.000000,0.54628571,-0.0003213141,0.0783791891
1859,5.8214881319,-0.0121870079,1.0027944799,100.000000,0.54628571,-0.0003244232,0.0783734603
1861,5.8266525281,-0.0112093115,1.0027955524,100.000000,0.54628571,-0.0003275458,0.0783683839
1863,5.8313714476,-0.0102581230,1.0027966299,100.000000,0.54628571,-0.0003306816,0.0783640495
1865,5.8355878112,-0.0093004286,1.0027977154,100.000000,0.54628571,-0.0003338304,0.0783605363
1867,5.8392797678,-0.0083031854,1.0027988121,100.000000,0.54628571,-0.0003369921,0.0783579039
1869,5.8424600325,-0.0072366569,1.0027999228,100.000000,0.54628571,-0.0003401664,0.0783561834
1871,5.8451726829,-0.0060769848,1.0028010506,100.000000,0.54628571,-0.0003433531,0.0783553696
1873,5.8474877472,-0.0048077759,1.0028021980,100.000000,0.54628571,-0.0003465520,0.0783554159
1875,5.8494941039,-0.0034206501,1.0028033675,100.000000,0.54628571,-0.0003497631,0.0783562309
1877,5.8512913388,-0.0019148487,1.0028045613,100.000000,0.54628571,-0.0003529863,0.0783576794
1879,5.8529812611,-0.0002961320,1.0028057811,100.000000,0.54628571,-0.0003562214,0.0783595857
1881,5.8546597555,0.0014247359,1.0028070283,100.000000,0.54628571,-0.0003594686,0.0783617414
1883,5.8564095673,0.0032336075,1.0028083039,100.000000,0.54628571,-0.0003627279,0.0783639159
1885,5.8582944809,0.0051144110,1.0028096082,100.000000,0.54628571,-0.0003659992,0.0783658705
1887,5.8603551952,0.0070502697,1.0028109414,100.000000,0.54628571,-0.0003692826,0.0783673745
1889,5.8626070369,0.0090241975,1.0028123027,100.000000,0.54628571,-0.0003725781,0.0783682225
1891,5.8650395028,0.0110193833,1.0028136914,100.000000,0.54628571,-0.0003758858,0.0783682515
1893,5.8676175010,0.0130191387,1.0028151060,100.000000,0.54628571,-0.0003792058,0.0783673561
1895,5.8702840655,0.0150066203,1.0028165446,100.000000,0.54628571,-0.0003825379,0.0783654999
1897,5.8729642564,0.0169644423,1.0028180050,100.000000,0.54628571,-0.0003858823,0.0783627216
1899,5.8755699156,0.0188742721,1.0028194848,100.000000,0.54628571,-0.0003892390,0.0783591345
1901,5.8780049247,0.0207164787,1.0028209809,100.000000,0.54628571,-0.0003926078,0.0783549190
1903,5.8801706031,0.0224698712,1.0028224903,100.000000,0.54628571,-0.0003959889,0.0783503078
1905,5.8819708911,0.0241115516,1.0028240098,100.000000,0.54628571,-0.0003993821,0.0783455660
1907,5.8833169874,0.0256168931,1.0028255358,100.000000,0.54628571,-0.0004027874,0.0783409671
1909,5.8841311588,0.0269596586,1.0028270652,100.000000,0.54628571,-0.0004062045,0.0783367676
1911,5.8843495092,0.0281122742,1.0028285947,100.000000,0.54628571,-0.0004096335,0.0783331837
1913,5.8839235907,0.0290462733,1.0028301215,100.000000,0.54628571,-0.0004130739,0.0783303714
1915,5.8828208482,0.0297329219,1.0028316431,100.000000,0.54628571,-0.0004165255,0.0783284137
1917,5.8810239983,0.0301440241,1.0028331575,100.000000,0.54628571,-0.0004199880,0.0783273145
1919,5.8785295474,0.0302528936,1.0028346636,100.000000,0.54628571,-0.0004234612,0.0783270014
1921,5.8753457267,0.0300354551,1.0028361607,100.000000,0.54628571,-0.0004269448,0.0783273350
1923,5.8714901623,0.0294714267,1.0028376492,100.000000,0.54628571,-0.0004304385,0.0783281244
1925,5.8669875967,0.0285455135,1.0028391303,100.000000,0.54628571,-0.0004339423,0.0783291465
1927,5.8618679314,0.0272485338,1.0028406059,100.000000,0.54628571,-0.0004374559,0.0783301670
1929,5.8561647847,0.0255783848,1.0028420786,100.000000,0.54628571,-0.0004409796,0.0783309603
1931,5.8499146556,0.0235407560,1.0028435519,100.000000,0.54628571,-0.0004445132,0.0783313278
1933,5.8431566780,0.0211494986,1.0028450295,100.000000,0.54628571,-0.0004480568,0.0783311116
1935,5.8359328511,0.0184265804,1.0028465155,100.000000,0.54628571,-0.0004516107,0.0783302042
1937,5.8282885576,0.0154015819,1.0028480139,100.000000,0.54628571,-0.0004551748,0.0783285533
1939,5.8202731389,0.0121107380,1.0028495289,100.000000,0.54628571,-0.0004587492,0.0783261619
1941,5.8119402995,0.0085955813,1.0028510638,100.000000,0.54628571,-0.0004623341,0.0783230844
1943,5.8033481473,0.0049013011,1.0028526216,100.000000,0.54628571,-0.0004659294,0.0783194197
1945,5.7945587520,0.0010749758,1.0028542043,100.000000,0.54628571,-0.0004695350,0.0783153010
1947,5.7856371995,-0.0028361335,1.0028558131,100.000000,0.54628571,-0.0004731509,0.0783108846
1949,5.7766502184,-0.0067860500,1.0028574482,100.000000,0.54628571,-0.0004767769,0.0783063378
1951,5.7676645544,-0.0107311629,1.0028591084,100.000000,0.54628571,-0.0004804128,0.0783018273
1953,5.7587453241,-0.0146308425,1.0028607919,100.000000,0.54628571,-0.0004840583,0.0782975078
1955,5.7499546097,-0.0184475839,1.0028624958,100.000000,0.54628571,-0.0004877132,0.0782935137
1957,5.7413505236,-0.0221467475,1.0028642167,100.000000,0.54628571,-0.0004913771,0.0782899516
1959,5.7329869041,-0.0256960270,1.0028659505,100.000000,0.54628571,-0.0004950497,0.0782868963
1961,5.7249136898,-0.0290648013,1.0028676930,100.000000,0.54628571,-0.0004987308,0.0782843891
1963,5.7171778986,-0.0322235284,1.0028694398,100.000000,0.54628571,-0.0005024200,0.0782824377
1965,5.7098250202,-0.0351433131,1.0028711868,100.000000,0.54628571,-0.0005061173,0.0782810196
1967,5.7029005398,-0.0377957318,1.0028729300,100.000000,0.54628571,-0.0005098223,0.0782800848
1969,5.6964512672,-0.0401529526,1.0028746660,100.000000,0.54628571,-0.0005135352,0.0782795611
1971,5.6905261555,-0.0421881387,1.0028763919,100.000000,0.54628571,-0.0005172559,0.0782793587
1973,5.6851763537,-0.0438760927,1.0028781053,100.000000,0.54628571,-0.0005209843,0.0782793753
1975,5.6804543380,-0.0451940787,1.0028798039,100.000000,0.54628571,-0.0005247207,0.0782795006
1977,5.6764120966,-0.0461227503,1.0028814863,100.000000,0.54628571,-0.0005284651,0.0782796202
1979,5.6730984726,-0.0466471145,1.0028831510,100.000000,0.54628571,-0.0005322177,0.0782796195
1981,5.6705558854,-0.0467574628,1.0028847966,100.000000,0.54628571,-0.0005359785,0.0782793870
1983,5.6688167347,-0.0464502040,1.0028864221,100.000000,0.54628571,-0.0005397476,0.0782788170
1985,5.6678998299,-0.0457285362,1.0028880260,100.000000,0.54628571,-0.0005435251,0.0782778130
1987,5.6678071845,-0.0446028948,1.0028896070,100.000000,0.54628571,-0.0005473110,0.0782762901
1989,5.6685214712,-0.0430911202,1.0028911635,100.000000,0.54628571,-0.0005511052,0.0782741784
1991,5.6700043665,-0.0412182975,1.0028926941,100.000000,0.54628571,-0.0005549076,0.0782714258
1993,5.6721959364,-0.0390162396,1.0028941969,100.000000,0.54628571,-0.0005587180,0.0782680007
1995,5.6750151410,-0.0365226129,1.0028956703,100.000000,0.54628571,-0.0005625365,0.0782638939
1997,5.6783614761,-0.0337797363,1.0028971128,100.000000,0.54628571,-0.0005663627,0.0782591205
1999,5.6821177237,-0.0308331240,1.0028985229,100.000000,0.54628571,-0.0005701967,0.0782537195
2001,5.6861537452,-0.0277298748,1.0028998997,100.000000,0.54628571,-0.0005740383,0.0782479103
2003,5.6903312168,-0.0245170386,1.0029012425,100.000000,0.54628571,-0.0005778875,0.0782422109
2005,5.6945091588,-0.0212401012,1.0029025509,100.000000,0.54628571,-0.0005817443,0.0782360371
2007,5.6985500518,-0.0179417277,1.0029038251,100.000000,0.54628571,-0.0005856089,0.0782295036
2009,5.7023262609,-0.0146608752,1.0029050657,100.000000,0.54628571,-0.0005894813,0.0782227314
2011,5.7057264142,-0.0114323484,1.0029062736,100.000000,0.54628571,-0.0005933617,0.0782158387
2013,5.7086613158,-0.0082868112,1.0029074501,100.000000,0.54628571,-0.0005972500,0.0782089327
2015,5.7110689431,-0.0052512061,1.0029085967,100.000000,0.54628571,-0.0006011465,0.0782021022
2017,5.7129180829,-0.0023494733,1.0029097151,100.000000,0.54628571,-0.0006050511,0.0781954122
2019,5.7142102244,0.0003965887,1.0029108068,100.000000,0.54628571,-0.0006089638,0.0781891237
2021,5.7149794408,0.0029665054,1.0029118737,100.000000,0.54628571,-0.0006128844,0.0781830210
2023,5.7152901515,0.0053405344,1.0029129173,100.000000,0.54628571,-0.0006168127,0.0781770691
2025,5.7152328401,0.0074994537,1.0029139392,100.000000,0.54628571,-0.0006207485,0.0781712280
2027,5.7149179984,0.0094248240,1.0029149408,100.000000,0.54628571,-0.0006246917,0.0781654440
2029,5.7144687371,0.0110997455,1.0029159233,100.000000,0.54628571,-0.0006286418,0.0781596579
2031,5.7140126362,0.0125100401,1.0029168879,100.000000,0.54628571,-0.0006325989,0.0781538128
2033,5.7136734843,0.0136457149,1.0029178358,100.000000,0.54628571,-0.0006365630,0.0781478615
2035,5.7135635567,0.0145024952,1.0029187680,100.000000,0.54628571,-0.0006405340,0.0781417731
2037,5.7137770262,0.0150831897,1.0029196856,100.000000,0.54628571,-0.0006445125,0.0781355367
2039,5.7143849722,0.0153986455,1.0029205897,100.000000,0.54628571,-0.0006484986,0.0781291645
2041,5.7154322996,0.0154680924,1.0029214816,100.000000,0.54628571,-0.0006524930,0.0781226919
2043,5.7169366909,0.0153187427,1.0029223625,100.000000,0.54628571,-0.0006564963,0.0781161763
2045,5.7188895427,0.0149846016,1.0029232338,100.000000,0.54628571,-0.0006605092,0.0781096947
2047,5.7212586835,0.0145045419,1.0029240971,100.000000,0.54628571,-0.0006645321,0.0781033398
2049,5.7239925493,0.0139197926,1.0029249540,100.000000,0.54628571,-0.0006685656,0.0780972161
2051,5.7270254183,0.0132710677,1.0029258062,100.000000,0.54628571,-0.0006726102,0.0780914350
2053,5.7302832607,0.0125956184,1.0029266555,100.000000,0.54628571,-0.0006766658,0.0780861100
2055,5.7336897524,0.0119245057,1.0029275038,100.000000,0.54628571,-0.0006807327,0.0780813515
2057,5.7371720105,0.0112803816,1.0029283532,100.000000,0.54628571,-0.0006848105,0.0780772614
2059,5.7406656466,0.0106760111,1.0029292055,100.000000,0.54628571,-0.0006888989,0.0780739281
2061,5.7441187852,0.0101136907,1.0029300631,100.000000,0.54628571,-0.0006929973,0.0780714207
2063,5.7474947688,0.0095856168,1.0029309280,100.000000,0.54628571,-0.0006971052,0.0780697839
2065,5.7507733729,0.0090751530,1.0029318027,100.000000,0.54628571,-0.0007012219,0.0780690341
2067,5.7539504663,0.0085588386,1.0029326896,100.000000,0.54628571,-0.0007053467,0.0780691552
2069,5.7570361876,0.0080089039,1.0029335914,100.000000,0.54628571,-0.0007094788,0.0780700970
2071,5.7600518371,0.0073960054,1.0029345107,100.000000,0.54628571,-0.0007136178,0.0780717748
2073,5.7630258004,0.0066918828,1.0029354504,100.000000,0.54628571,-0.0007177631,0.0780740705
2075,5.7659889071,0.0058716700,1.0029364133,100.000000,0.54628571,-0.0007219144,0.0780768364
2077,5.7689696707,0.0049156573,1.0029374024,100.000000,0.54628571,-0.0007260715,0.0780799005
2079,5.7719898526,0.0038103882,1.0029384205,100.000000,0.54628571,-0.0007302342,0.0780830735
2081,5.7750607414,0.0025490740,1.0029394703,100.000000,0.54628571,-0.0007344025,0.0780861572
2083,5.7781804503,0.0011313983,1.0029405544,100.000000,0.54628571,-0.0007385767,0.0780889537
2085,5.7813324192,-0.0004371494,1.0029416749,100.000000,0.54628571,-0.0007427571,0.0780913020
2087,5.7844851840,-0.0021462299,1.0029428338,100.000000,0.54628571,-0.0007469438,0.0780930644
2089,5.7875933569,-0.0039817200,1.0029440324,100.000000,0.54628571,-0.0007511375,0.0780940397
2091,5.7905996625,-0.0059267281,1.0029452717,100.000000,0.54628571,-0.0007553384,0.0780941257
2093,5.7934377995,-0.0079624479,1.0029465521,100.000000,0.54628571,-0.0007595470,0.0780932626
2095,5.7960358572,-0.0100687885,1.0029478736,100.000000,0.54628571,-0.0007637637,0.0780914377
2097,5.7983200049,-0.0122247752,1.0029492355,100.000000,0.54628571,-0.0007679888,0.0780886864
2099,5.8002181814,-0.0144087458,1.0029506366,100.000000,0.54628571,-0.0007722225,0.0780850913
2101,5.8016635472,-0.0165983971,1.0029520753,100.000000,0.54628571,-0.0007764650,0.0780807777
2103,5.8025975054,-0.0187707396,1.0029535497,100.000000,0.54628571,-0.0007807162,0.0780759064
2105,5.8029721464,-0.0209020139,1.0029550572,100.000000,0.54628571,-0.0007849761,0.0780706642
2107,5.8027520255,-0.0229676157,1.0029565952,100.000000,0.54628571,-0.0007892446,0.0780652518
2109,5.8019152334,-0.0249420592,1.0029581606,100.000000,0.54628571,-0.0007935211,0.0780598712
2111,5.8004537642,-0.0267990075,1.0029597505,100.000000,0.54628571,-0.0007978055,0.0780547118
2113,5.7983732333,-0.0285113861,1.0029613617,100.000000,0.54628571,-0.0008020973,0.0780499386
2115,5.7956920252,-0.0300515990,1.0029629911,100.000000,0.54628571,-0.0008063959,0.0780456813
2117,5.7924399841,-0.0313918613,1.0029646358,100.000000,0.54628571,-0.0008107010,0.0780420269
2119,5.7886567711,-0.0325046613,1.0029662931,100.000000,0.54628571,-0.0008150121,0.0780390157
2121,5.7843900176,-0.0333633555,1.0029679606,100.000000,0.54628571,-0.0008193288,0.0780366414
2123,5.7796933980,-0.0339428922,1.0029696363,100.000000,0.54628571,-0.0008236509,0.0780348552
2125,5.7746247264,-0.0342206424,1.0029713186,100.000000,0.54628571,-0.0008279782,0.0780335730
2127,5.7692441631,-0.0341773046,1.0029730064,100.000000,0.54628571,-0.0008323106,0.0780326854
2129,5.7636125888,-0.0337978311,1.0029746992,100.000000,0.54628571,-0.0008366481,0.0780320694
2131,5.7577901846,-0.0330723130,1.0029763969,100.000000,0.54628571,-0.0008409906,0.0780316000
2133,5.7518352345,-0.0319967509,1.0029780999,100.000000,0.54628571,-0.0008453385,0.0780311619
2135,5.7458031529,-0.0305736350,1.0029798093,100.000000,0.54628571,-0.0008496916,0.0780306583
2137,5.7397457284,-0.0288122641,1.0029815263,100.000000,0.54628571,-0.0008540503,0.0780300190
2139,5.7337105664,-0.0267287476,1.0029832526,100.000000,0.54628571,-0.0008584146,0.0780292036
2141,5.7277407080,-0.0243456560,1.0029849901,100.000000,0.54628571,-0.0008627845,0.0780282042
2143,5.7218743948,-0.0216913236,1.0029867407,100.000000,0.54628571,-0.0008671600,0.0780270430
2145,5.7161449515,-0.0187988404,1.0029885064,100.000000,0.54628571,-0.0008715410,0.0780257695
2147,5.7105807588,-0.0157048134,1.0029902890,100.000000,0.54628571,-0.0008759273,0.0780244542
2149,5.7052052991,-0.0124480091,1.0029920901,100.000000,0.54628571,-0.0008803186,0.0780231821
2151,5.7000372746,-0.0090680095,1.0029939109,100.000000,0.54628571,-0.0008847147,0.0780220447
2153,5.6950908141,-0.0056040129,1.0029957523,100.000000,0.54628571,-0.0008891151,0.0780211324
2155,5.6903758023,-0.0020938947,1.0029976146,100.000000,0.54628571,-0.0008935195,0.0780205265
2157,5.6858983751,0.0014264011,1.0029994975,100.000000,0.54628571,-0.0008979276,0.0780202931
2159,5.6816616156,0.0049231151,1.0030014004,100.000000,0.54628571,-0.0009023389,0.0780204774
2161,5.6776664657,0.0083646027,1.0030033221,100.000000,0.54628571,-0.0009067533,0.0780210997
2163,5.6739128256,0.0117210189,1.0030052608,100.000000,0.54628571,-0.0009111704,0.0780221533
2165,5.6704007696,0.0149638651,1.0030072144,100.000000,0.54628571,-0.0009155901,0.0780236041
2167,5.6671317569,0.0180655191,1.0030091804,100.000000,0.54628571,-0.0009200124,0.0780254842
2169,5.6641096818,0.0209988561,1.0030111559,100.000000,0.54628571,-0.0009244372,0.0780276856
2171,5.6613415986,0.0237370469,1.0030131378,100.000000,0.54628571,-0.0009288647,0.0780300394
2173,5.6588379713,0.0262535836,1.0030151224,100.000000,0.54628571,-0.0009332950,0.0780324266
2175,5.6566123476,0.0285225465,1.0030171063,100.000000,0.54628571,-0.0009377283,0.0780347212
2177,5.6546804256,0.0305190944,1.0030190856,100.000000,0.54628571,-0.0009421650,0.0780367958
2179,5.6530585663,0.0322201334,1.0030210562,100.000000,0.54628571,-0.0009466052,0.0780385285
2181,5.6517618850,0.0336051066,1.0030230140,100.000000,0.54628571,-0.0009510493,0.0780398086
2183,5.6508021226,0.0346568341,1.0030249549,100.000000,0.54628571,-0.0009554974,0.0780405416
2185,5.6501855353,0.0353623378,1.0030268746,100.000000,0.54628571,-0.0009599499,0.0780406528
2187,5.6499110473,0.0357135824,1.0030287690,100.000000,0.54628571,-0.0009644067,0.0780400905
2189,5.6499688813,0.0357080734,1.0030306343,100.000000,0.54628571,-0.0009688680,0.0780388266
2191,5.6503398226,0.0353492612,1.0030324665,100.000000,0.54628571,-0.0009733338,0.0780368569
2193,5.6509951955,0.0346467083,1.0030342624,100.000000,0.54628571,-0.0009778039,0.0780341995
2195,5.6518975465,0.0336159933,1.0030360190,100.000000,0.54628571,-0.0009822783,0.0780308930
2197,5.6530019525,0.0322783399,1.0030377338,100.000000,0.54628571,-0.0009867568,0.0780269928
2199,5.6542578140,0.0306599810,1.0030394052,100.000000,0.54628571,-0.0009912392,0.0780225678
2201,5.6556109620,0.0287912896,1.0030410318,100.000000,0.54628571,-0.0009957254,0.0780176968
2203,5.6570059020,0.0267057307,1.0030426133,100.000000,0.54628571,-0.0010002152,0.0780124646
2205,5.6583880388,0.0244387091,1.0030441500,100.000000,0.54628571,-0.0010047087,0.0780069582
2207,5.6597057645,0.0220263999,1.0030456426,100.000000,0.54628571,-0.0010092058,0.0780012639
2209,5.6609123365,0.0195046561,1.0030470927,100.000000,0.54628571,-0.0010137066,0.0779954640
2211,5.6619675148,0.0169080802,1.0030485023,100.000000,0.54628571,-0.0010182112,0.0779896343
2213,5.6628389585,0.0142693297,1.0030498737,100.000000,0.54628571,-0.0010227198,0.0779838417
2215,5.6635033948,0.0116187011,1.0030512096,100.000000,0.54628571,-0.0010272326,0.0779781427
2217,5.6639475663,0.0089839979,1.0030525128,100.000000,0.54628571,-0.0010317497,0.0779725819
2219,5.6641689438,0.0063906556,1.0030537862,100.000000,0.54628571,-0.0010362714,0.0779671911
2221,5.6641761573,0.0038620550,1.0030550326,100.000000,0.54628571,-0.0010407978,0.0779619887
2223,5.6639890728,0.0014199295,1.0030562546,100.000000,0.54628571,-0.0010453288,0.0779571058
2225,5.6636384231,-0.0009152446,1.0030574547,100.000000,0.54628571,-0.0010498645,0.0779524540
2227,5.6631648988,-0.0031239858,1.0030586351,100.000000,0.54628571,-0.0010544047,0.0779479629
2229,5.6626176383,-0.0051877657,1.0030597977,100.000000,0.54628571,-0.0010589492,0.0779436068
2231,5.6620520995,-0.0070892481,1.0030609441,100.000000,0.54628571,-0.0010634979,0.0779393562
2233,5.6615273696,-0.0088128212,1.0030620757,100.000000,0.54628571,-0.0010680507,0.0779351811
2235,5.6611030475,-0.0103453839,1.0030631936,100.000000,0.54628571,-0.0010726075,0.0779310544
2237,5.6608359076,-0.0116772993,1.0030642988,100.000000,0.54628571,-0.0010771683,0.0779269557
2239,5.6607766123,-0.0128033857,1.0030653921,100.000000,0.54628571,-0.0010817334,0.0779228737
2241,5.6609667669,-0.0137237943,1.0030664741,100.000000,0.54628571,-0.0010863031,0.0779188081
2243,5.6614366024,-0.0144446203,1.0030675455,100.000000,0.54628571,-0.0010908781,0.0779147714
2245,5.6622035217,-0.0149781120,1.0030686067,100.000000,0.54628571,-0.0010954589,0.0779107881
2247,5.6632716672,-0.0153423861,1.0030696583,100.000000,0.54628571,-0.0011000465,0.0779068948
2249,5.6646325613,-0.0155606076,1.0030707008,100.000000,0.54628571,-0.0011046415,0.0779031378
2251,5.6662667624,-0.0156596601,1.0030717348,100.000000,0.54628571,-0.0011092450,0.0778995709
2253,5.6681463737,-0.0156683923,1.0030727607,100.000000,0.54628571,-0.0011138575,0.0778962526
2255,5.6702381544,-0.0156155820,1.0030737791,100.000000,0.54628571,-0.0011184796,0.0778932424
2257,5.6725069280,-0.0155277984,1.0030747905,100.000000,0.54628571,-0.0011231116,0.0778905978
2259,5.6749189570,-0.0154273646,1.0030757956,100.000000,0.54628571,-0.0011277536,0.0778883707
2261,5.6774449630,-0.0153306180,1.0030767950,100.000000,0.54628571,-0.0011324055,0.0778866040
2263,5.6800625089,-0.0152466426,1.0030777893,100.000000,0.54628571,-0.0011370668,0.0778853287
2265,5.6827575274,-0.0151766009,1.0030787793,100.000000,0.54628571,-0.0011417369,0.0778845615
2267,5.6855248572,-0.0151137345,1.0030797660,100.000000,0.54628571,-0.0011464150,0.0778843016
2269,5.6883677417,-0.0150440321,1.0030807502,100.000000,0.54628571,-0.0011511002,0.0778845301
2271,5.6912963348,-0.0149474936,1.0030817330,100.000000,0.54628571,-0.0011557915,0.0778852077
2273,5.6943253479,-0.0147998604,1.0030827158,100.000000,0.54628571,-0.0011604881,0.0778862751
2275,5.6974710428,-0.0145746332,1.0030837000,100.000000,0.54628571,-0.0011651892,0.0778876533
2277,5.7007478358,-0.0142451767,1.0030846872,100.000000,0.54628571,-0.0011698942,0.0778892452
2279,5.7041648076,-0.0137867120,1.0030856792,100.000000,0.54628571,-0.0011746027,0.0778909380
2281,5.7077224294,-0.0131780214,1.0030866781,100.000000,0.54628571,-0.0011793145,0.0778926076
2283,5.7114097966,-0.0124027378,1.0030876859,100.000000,0.54628571,-0.0011840297,0.0778941231
2285,5.7152026247,-0.0114501482,1.0030887050,100.000000,0.54628571,-0.0011887487,0.0778953527
2287,5.7190622022,-0.0103155056,1.0030897378,100.000000,0.54628571,-0.0011934719,0.0778961701
2289,5.7229354223,-0.0089998969,1.0030907867,100.000000,0.54628571,-0.0011982001,0.0778964614
2291,5.7267559283,-0.0075097615,1.0030918541,100.000000,0.54628571,-0.0012029341,0.0778961310
2293,5.7304463211,-0.0058561777,1.0030929424,100.000000,0.54628571,-0.0012076748,0.0778951080
2295,5.7339212942,-0.0040540396,1.0030940537,100.000000,0.54628571,-0.0012124231,0.0778933504
2297,5.7370914859,-0.0021212341,1.0030951901,100.000000,0.54628571,-0.0012171797,0.0778908505
2299,5.7398677827,-0.0000779009,1.0030963532,100.000000,0.54628571,-0.0012219455,0.0778877299
2301,5.7421657706,0.0020541724,1.0030975445,100.000000,0.54628571,-0.0012267209,0.0778839493
2303,5.7439100210,0.0042520015,1.0030987650,100.000000,0.54628571,-0.0012315064,0.0778795965
2305,5.7450379103,0.0064917100,1.0031000153,100.000000,0.54628571,-0.0012363021,0.0778747849
2307,5.7455027123,0.0087487138,1.0031012955,100.000000,0.54628571,-0.0012411080,0.0778696477
2309,5.7452757641,0.0109978209,1.0031026053,100.000000,0.54628571,-0.0012459240,0.0778643303
2311,5.7443475833,0.0132132876,1.0031039441,100.000000,0.54628571,-0.0012507498,0.0778589821
2313,5.7427279004,0.0153688663,1.0031053106,100.000000,0.54628571,-0.0012555849,0.0778537484
2315,5.7404446580,0.0174378764,1.0031067034,100.000000,0.54628571,-0.0012604289,0.0778487627
2317,5.7375421066,0.0193933267,1.0031081207,100.000000,0.54628571,-0.0012652812,0.0778441396
2319,5.7340781869,0.0212081069,1.0031095605,100.000000,0.54628571,-0.0012701413,0.0778399698
2321,5.7301214321,0.0228552638,1.0031110206,100.000000,0.54628571,-0.0012750087,0.0778363164
2323,5.7257476330,0.0243083718,1.0031124989,100.000000,0.54628571,-0.0012798830,0.0778332140
2325,5.7210365047,0.0255419987,1.0031139931,100.000000,0.54628571,-0.0012847637,0.0778306694
2327,5.7160685603,0.0265322617,1.0031155013,100.000000,0.54628571,-0.0012896506,0.0778286640
2329,5.7109223521,0.0272574575,1.0031170217,100.000000,0.54628571,-0.0012945435,0.0778271589
2331,5.7056721905,0.0276987425,1.0031185529,100.000000,0.54628571,-0.0012994423,0.0778260999
2333,5.7003863949,0.0278408248,1.0031200936,100.000000,0.54628571,-0.0013043470,0.0778254242
2335,5.6951260861,0.0276726265,1.0031216432,100.000000,0.54628571,-0.0013092576,0.0778250664
2337,5.6899444859,0.0271878636,1.0031232012,100.000000,0.54628571,-0.0013141741,0.0778249647
2339,5.6848866639,0.0263854906,1.0031247678,100.000000,0.54628571,-0.0013190966,0.0778250655
2341,5.6799896510,0.0252699622,1.0031263434,100.000000,0.54628571,-0.0013240252,0.0778253275
2343,5.6752828269,0.0238512705,1.0031279286,100.000000,0.54628571,-0.0013289599,0.0778257232
2345,5.6707884893,0.0221447338,1.0031295245,100.000000,0.54628571,-0.0013339006,0.0778262404
2347,5.6665225143,0.0201705355,1.0031311322,100.000000,0.54628571,-0.0013388473,0.0778268806
2349,5.6624950302,0.0179530358,1.0031327529,100.000000,0.54628571,-0.0013438000,0.0778276567
2351,5.6587110395,0.0155199053,1.0031343879,100.000000,0.54628571,-0.0013487585,0.0778285899
2353,5.6551709498,0.0129011537,1.0031360382,100.000000,0.54628571,-0.0013537226,0.0778297054
2355,5.6518709973,0.0101281397,1.0031377047,100.000000,0.54628571,-0.0013586921,0.0778310273
2357,5.6488035739,0.0072326551,1.0031393880,100.000000,0.54628571,-0.0013636667,0.0778325745
2359,5.6459574943,0.0042461639,1.0031410883,100.000000,0.54628571,-0.0013686463,0.0778343556
2361,5.6433182572,0.0011992564,1.0031428053,100.000000,0.54628571,-0.0013736306,0.0778363654
2363,5.6408683636,-0.0018786525,1.0031445385,100.000000,0.54628571,-0.0013786194,0.0778385825
2365,5.6385877506,-0.0049593882,1.0031462867,100.000000,0.54628571,-0.0013836125,0.0778409670
2367,5.6364543833,-0.0080158857,1.0031480482,100.000000,0.54628571,-0.0013886098,0.0778434612
2369,5.6344450211,-0.0110219286,1.0031498212,100.000000,0.54628571,-0.0013936112,0.0778459905
2371,5.6325361442,-0.0139518408,1.0031516032,100.000000,0.54628571,-0.0013986167,0.0778484660
2373,5.6307049924,-0.0167802118,1.0031533915,100.000000,0.54628571,-0.0014036263,0.0778507885
2375,5.6289306452,-0.0194817281,1.0031551830,100.000000,0.54628571,-0.0014086403,0.0778528537
2377,5.6271950529,-0.0220311622,1.0031569745,100.000000,0.54628571,-0.0014136588,0.0778545566
2379,5.6254839255,-0.0244035457,1.0031587625,100.000000,0.54628571,-0.0014186820,0.0778557978
2381,5.6237873969,-0.0265745273,1.0031605436,100.000000,0.54628571,-0.0014237103,0.0778564880
2383,5.6221003977,-0.0285208941,1.0031623141,100.000000,0.54628571,-0.0014287440,0.0778565530
2385,5.6204227017,-0.0302212143,1.0031640706,100.000000,0.54628571,-0.0014337833,0.0778559369
2387,5.6187586409,-0.0316565492,1.0031658095,100.000000,0.54628571,-0.0014388285,0.0778546045
2389,5.6171165138,-0.0328111753,1.0031675275,100.000000,0.54628571,-0.0014438799,0.0778525619
2391,5.6155077427,-0.0336732564,1.0031692216,100.000000,0.54628571,-0.0014489375,0.0778498708
2393,5.6139458495,-0.0342354095,1.0031708888,100.000000,0.54628571,-0.0014540016,0.0778464721
2395,5.6124453381,-0.0344951183,1.0031725268,100.000000,0.54628571,-0.0014590720,0.0778424111
2397,5.6110205671,-0.0344549547,1.0031741333,100.000000,0.54628571,-0.0014641487,0.0778377488
2399,5.6096846969,-0.0341225868,1.0031757066,100.000000,0.54628571,-0.0014692317,0.0778325577
2401,5.6084487819,-0.0335105647,1.0031772455,100.000000,0.54628571,-0.0014743208,0.0778269191
2403,5.6073210624,-0.0326358932,1.0031787492,100.000000,0.54628571,-0.0014794159,0.0778209194
2405,5.6063064988,-0.0315194178,1.0031802173,100.000000,0.54628571,-0.0014845169,0.0778146469
2407,5.6054065680,-0.0301850641,1.0031816499,100.000000,0.54628571,-0.0014896237,0.0778081893
2409,5.6046193317,-0.0286589883,1.0031830477,100.000000,0.54628571,-0.0014947364,0.0778016316
2411,5.6039397684,-0.0269686988,1.0031844116,100.000000,0.54628571,-0.0014998551,0.0777950537
2413,5.6033603483,-0.0251422170,1.0031857428,100.000000,0.54628571,-0.0015049799,0.0777885698
2415,5.6028718178,-0.0232073356,1.0031870430,100.000000,0.54628571,-0.0015101110,0.0777822867
2417,5.6024641471,-0.0211910257,1.0031883139,100.000000,0.54628571,-0.0015152487,0.0777761949
2419,5.6021275812,-0.0191190219,1.0031895577,100.000000,0.54628571,-0.0015203933,0.0777703417
2421,5.6018537229,-0.0170155947,1.0031907762,100.000000,0.54628571,-0.0015255450,0.0777647643
2423,5.6016365666,-0.0149034934,1.0031919716,100.000000,0.54628571,-0.0015307040,0.0777594899
2425,5.6014733961,-0.0128040199,1.0031931459,100.000000,0.54628571,-0.0015358704,0.0777545360
2427,5.6013654625,-0.0107371775,1.0031943012,100.000000,0.54628571,-0.0015410442,0.0777499097
2429,5.6013183641,-0.0087218232,1.0031954393,100.000000,0.54628571,-0.0015462252,0.0777456089
2431,5.6013420742,-0.0067757574,1.0031965620,100.000000,0.54628571,-0.0015514132,0.0777416229
2433,5.6014505873,-0.0049156897,1.0031976708,100.000000,0.54628571,-0.0015566080,0.0777379332
2435,5.6016611924,-0.0031570418,1.0031987673,100.000000,0.54628571,-0.0015618093,0.0777345155
2437,5.6019934203,-0.0015135782,1.0031998528,100.000000,0.54628571,-0.0015670169,0.0777313410
2439,5.6024677495,0.0000031168,1.0032009284,100.000000,0.54628571,-0.0015722306,0.0777283788
2441,5.6031041891,0.0013842601,1.0032019953,100.000000,0.54628571,-0.0015774505,0.0777255973
2443,5.6039208753,0.0026245111,1.0032030544,100.000000,0.54628571,-0.0015826767,0.0777229667
2445,5.6049328234,0.0037225356,1.0032041066,100.000000,0.54628571,-0.0015879097,0.0777204607
2447,5.6061509661,0.0046813914,1.0032051526,100.000000,0.54628571,-0.0015931501,0.0777180577
2449,5.6075815786,0.0055086462,1.0032061930,100.000000,0.54628571,-0.0015983986,0.0777157422
2451,5.6092261498,0.0062161594,1.0032072284,100.000000,0.54628571,-0.0016036562,0.0777135052
2453,5.6110817085,0.0068194952,1.0032082594,100.000000,0.54628571,-0.0016089239,0.0777113450
2455,5.6131415599,0.0073369765,1.0032092862,100.000000,0.54628571,-0.0016142026,0.0777092662
2457,5.6153963415,0.0077884282,1.0032103093,100.000000,0.54628571,-0.0016194932,0.0777072793
2459,5.6178352667,0.0081937013,1.0032113288,100.000000,0.54628571,-0.0016247963,0.0777053995
2461,5.6204474042,0.0085710966,1.0032123448,100.000000,0.54628571,-0.0016301124,0.0777036450
2463,5.6232228299,0.0089358253,1.0032133575,100.000000,0.54628571,-0.0016354416,0.0777020349
2465,5.6261535036,0.0092986499,1.0032143669,100.000000,0.54628571,-0.0016407838,0.0777005871
2467,5.6292337433,0.0096648325,1.0032153729,100.000000,0.54628571,-0.0016461383,0.0776993154
2469,5.6324602122,0.0100334963,1.0032163755,100.000000,0.54628571,-0.0016515046,0.0776982277
2471,5.6358313818,0.0103974668,1.0032173750,100.000000,0.54628571,-0.0016568815,0.0776973233
2473,5.6393464864,0.0107436124,1.0032183713,100.000000,0.54628571,-0.0016622681,0.0776965905
2475,5.6430040383,0.0110536596,1.0032193648,100.000000,0.54628571,-0.0016676633,0.0776960061
2477,5.6468000253,0.0113054088,1.0032203559,100.000000,0.54628571,-0.0016730659,0.0776955340
2479,5.6507259486,0.0114742410,1.0032213455,100.000000,0.54628571,-0.0016784750,0.0776951256
2481,5.6547668921,0.0115347783,1.0032223345,100.000000,0.54628571,-0.0016838900,0.0776947211
2483,5.6588998228,0.0114625530,1.0032233241,100.000000,0.54628571,-0.0016893104,0.0776942516
2485,5.6630923171,0.0112355442,1.0032243159,100.000000,0.54628571,-0.0016947361,0.0776936424
2487,5.6673018835,0.0108354639,1.0032253119,100.000000,0.54628571,-0.0017001673,0.0776928171
2489,5.6714760077,0.0102487095,1.0032263141,100.000000,0.54628571,-0.0017056045,0.0776917017
2491,5.6755529902,0.0094669389,1.0032273249,100.000000,0.54628571,-0.0017110485,0.0776902293
2493,5.6794635783,0.0084872693,1.0032283469,100.000000,0.54628571,-0.0017165002,0.0776883452
2495,5.6831333250,0.0073121391,1.0032293826,100.000000,0.54628571,-0.0017219605,0.0776860101
2497,5.6864855380,0.0059488993,1.0032304348,100.000000,0.54628571,-0.0017274306,0.0776832037
2499,5.6894446266,0.0044092210,1.0032315061,100.000000,0.54628571,-0.0017329114,0.0776799269
2501,5.6919396137,0.0027084061,1.0032325988,100.000000,0.54628571,-0.0017384037,0.0776762021
2503,5.6939075600,0.0008646826,1.0032337151,100.000000,0.54628571,-0.0017439082,0.0776720730
2505,5.6952966513,-0.0011014523,1.0032348570,100.000000,0.54628571,-0.0017494253,0.0776676029
2507,5.6960687286,-0.0031677987,1.0032360260,100.000000,0.54628571,-0.0017549551,0.0776628712
2509,5.6962010865,-0.0053109099,1.0032372232,100.000000,0.54628571,-0.0017604976,0.0776579700
2511,5.6956874292,-0.0075064375,1.0032384493,100.000000,0.54628571,-0.0017660524,0.0776529994
2513,5.6945379470,-0.0097293795,1.0032397046,100.000000,0.54628571,-0.0017716190,0.0776480625
2515,5.6927785481,-0.0119542570,1.0032409888,100.000000,0.54628571,-0.0017771966,0.0776432610
2517,5.6904493473,-0.0141552473,1.0032423015,100.000000,0.54628571,-0.0017827844,0.0776386899
2519,5.6876025654,-0.0163063024,1.0032436416,100.000000,0.54628571,-0.0017883816,0.0776344343
2521,5.6843000299,-0.0183812806,1.0032450081,100.000000,0.54628571,-0.0017939874,0.0776305660
2523,5.6806104757,-0.0203541120,1.0032463994,100.000000,0.54628571,-0.0017996008,0.0776271408
2525,5.6766068394,-0.0221990154,1.0032478139,100.000000,0.54628571,-0.0018052211,0.0776241979
2527,5.6723637126,-0.0238907785,1.0032492501,100.000000,0.54628571,-0.0018108478,0.0776217595
2529,5.6679550785,-0.0254051037,1.0032507063,100.000000,0.54628571,-0.0018164802,0.0776198313
2531,5.6634524095,-0.0267190198,1.0032521807,100.000000,0.54628571,-0.0018221181,0.0776184045
2533,5.6589231554,-0.0278113496,1.0032536720,100.000000,0.54628571,-0.0018277611,0.0776174580
2535,5.6544296099,-0.0286632163,1.0032551788,100.000000,0.54628571,-0.0018334091,0.0776169608
2537,5.6500281103,-0.0292585653,1.0032567000,100.000000,0.54628571,-0.0018390619,0.0776168756
2539,5.6457685063,-0.0295846717,1.0032582346,100.000000,0.54628571,-0.0018447197,0.0776171614
2541,5.6416938240,-0.0296325964,1.0032597819,100.000000,0.54628571,-0.0018503823,0.0776177767
2543,5.6378400595,-0.0293975559,1.0032613417,100.000000,0.54628571,-0.0018560498,0.0776186814
2545,5.6342360437,-0.0288791672,1.0032629134,100.000000,0.54628571,-0.0018617224,0.0776198394
2547,5.6309033415,-0.0280815392,1.0032644971,100.000000,0.54628571,-0.0018673999,0.0776212192
2549,5.6278561679,-0.0270131890,1.0032660929,100.000000,0.54628571,-0.0018730825,0.0776227948
2551,5.6251013213,-0.0256867772,1.0032677007,100.000000,0.54628571,-0.0018787701,0.0776245450
2553,5.6226381556,-0.0241186734,1.0032693207,100.000000,0.54628571,-0.0018844626,0.0776264531
2555,5.6204586217,-0.0223283799,1.0032709530,100.000000,0.54628571,-0.0018901599,0.0776285044
2557,5.6185474216,-0.0203378604,1.0032725975,100.000000,0.54628571,-0.0018958618,0.0776306850
2559,5.6168823194,-0.0181708301,1.0032742541,100.000000,0.54628571,-0.0019015681,0.0776329792
2561,5.6154346525,-0.0158520709,1.0032759223,100.000000,0.54628571,-0.0019072784,0.0776353669
2563,5.6141700771,-0.0134068308,1.0032776015,100.000000,0.54628571,-0.0019129925,0.0776378216
2565,5.6130495680,-0.0108603542,1.0032792909,100.000000,0.54628571,-0.0019187099,0.0776403090
2567,5.6120306725,-0.0082375735,1.0032809892,100.000000,0.54628571,-0.0019244302,0.0776427853
2569,5.6110689955,-0.0055629658,1.0032826950,100.000000,0.54628571,-0.0019301530,0.0776451974
2571,5.6101198660,-0.0028605575,1.0032844067,100.000000,0.54628571,-0.0019358780,0.0776474833
2573,5.6091401138,-0.0001540377,1.0032861223,100.000000,0.54628571,-0.0019416047,0.0776495738
2575,5.6080898613,0.0025330715,1.0032878397,100.000000,0.54628571,-0.0019473330,0.0776513948
2577,5.6069342280,0.0051772463,1.0032895564,100.000000,0.54628571,-0.0019530625,0.0776528705
2579,5.6056448384,0.0077548499,1.0032912700,100.000000,0.54628571,-0.0019587931,0.0776539269
2581,5.6042010339,0.0102421234,1.0032929779,100.000000,0.54628571,-0.0019645247,0.0776544957
2583,5.6025907049,0.0126153086,1.0032946775,100.000000,0.54628571,-0.0019702575,0.0776545180
2585,5.6008106873,0.0148509147,1.0032963662,100.000000,0.54628571,-0.0019759915,0.0776539479
2587,5.5988666972,0.0169261206,1.0032980412,100.000000,0.54628571,-0.0019817268,0.0776527544
2589,5.5967728122,0.0188192909,1.0032997003,100.000000,0.54628571,-0.0019874638,0.0776509238
2591,5.5945505403,0.0205105655,1.0033013409,100.000000,0.54628571,-0.0019932025,0.0776484604
2593,5.5922275450,0.0219824813,1.0033029610,100.000000,0.54628571,-0.0019989433,0.0776453859
2595,5.5898361164,0.0232205717,1.0033045586,100.000000,0.54628571,-0.0020046863,0.0776417381
2597,5.5874114904,0.0242138995,1.0033061320,100.000000,0.54628571,-0.0020104317,0.0776375694
2599,5.5849901245,0.0249554749,1.0033076798,100.000000,0.54628571,-0.0020161795,0.0776329435
2601,5.5826080291,0.0254425275,1.0033092011,100.000000,0.54628571,-0.0020219299,0.0776279327
2603,5.5802992493,0.0256766057,1.0033106949,100.000000,0.54628571,-0.0020276828,0.0776226150
2605,5.5780945668,0.0256634939,1.0033121608,100.000000,0.54628571,-0.0020334381,0.0776170704
2607,5.5760204817,0.0254129526,1.0033135986,100.000000,0.54628571,-0.0020391959,0.0776113789
2609,5.5740985037,0.0249382986,1.0033150084,100.000000,0.54628571,-0.0020449561,0.0776056181
2611,5.5723447694,0.0242558575,1.0033163906,100.000000,0.54628571,-0.0020507186,0.0775998610
2613,5.5707699793,0.0233843269,1.0033177457,100.000000,0.54628571,-0.0020564835,0.0775941753
2615,5.5693796342,0.0223441010,1.0033190745,100.000000,0.54628571,-0.0020622507,0.0775886222
2617,5.5681745361,0.0211566020,1.0033203779,100.000000,0.54628571,-0.0020680203,0.0775832556
2619,5.5671515087,0.0198436657,1.0033216568,100.000000,0.54628571,-0.0020737924,0.0775781223
2621,5.5663042862,0.0184270177,1.0033229123,100.000000,0.54628571,-0.0020795670,0.0775732613
2623,5.5656245110,0.0169278651,1.0033241456,100.000000,0.54628571,-0.0020853444,0.0775687039
2625,5.5651027828,0.0153666143,1.0033253578,100.000000,0.54628571,-0.0020911244,0.0775644735
2627,5.5647296955,0.0137627065,1.0033265499,100.000000,0.54628571,-0.0020969070,0.0775605852
2629,5.5644968061,0.0121345505,1.0033277232,100.000000,0.54628571,-0.0021026921,0.0775570460
2631,5.5643974787,0.0104995174,1.0033288787,100.000000,0.54628571,-0.0021084796,0.0775538545
2633,5.5644275575,0.0088739545,1.0033300174,100.000000,0.54628571,-0.0021142689,0.0775510010
2635,5.5645858287,0.0072731757,1.0033311403,100.000000,0.54628571,-0.0021200599,0.0775484681
2637,5.5648742467,0.0057113891,1.0033322483,100.000000,0.54628571,-0.0021258520,0.0775462308
2639,5.5652979112,0.0042015366,1.0033333422,100.000000,0.54628571,-0.0021316448,0.0775442577
2641,5.5658648010,0.0027550354,1.0033344230,100.000000,0.54628571,-0.0021374380,0.0775425122
2643,5.5665852861,0.0013814348,1.0033354913,100.000000,0.54628571,-0.0021432314,0.0775409540
2645,5.5674714573,0.0000880181,1.0033365479,100.000000,0.54628571,-0.0021490247,0.0775395410
2647,5.5685363270,-0.0011205989,1.0033375933,100.000000,0.54628571,-0.0021548182,0.0775382309
2649,5.5697929660,-0.0022428104,1.0033386283,100.000000,0.54628571,-0.0021606122,0.0775369834
2651,5.5712536443,-0.0032802405,1.0033396532,100.000000,0.54628571,-0.0021664071,0.0775357621
2653,5.5729290433,-0.0042377773,1.0033406687,100.000000,0.54628571,-0.0021722038,0.0775345357
2655,5.5748275978,-0.0051233754,1.0033416750,100.000000,0.54628571,-0.0021780029,0.0775332796
2657,5.5769550060,-0.0059476026,1.0033426725,100.000000,0.54628571,-0.0021838055,0.0775319766
2659,5.5793139306,-0.0067229316,1.0033436616,100.000000,0.54628571,-0.0021896125,0.0775306170
2661,5.5819038823,-0.0074628086,1.0033446424,100.000000,0.54628571,-0.0021954246,0.0775291982
2663,5.5847212610,-0.0081805575,1.0033456153,100.000000,0.54628571,-0.0022012424,0.0775277243
2665,5.5877595018,-0.0088882004,1.0033465805,100.000000,0.54628571,-0.0022070664,0.0775262042
2667,5.5910092665,-0.0095952902,1.0033475381,100.000000,0.54628571,-0.0022128967,0.0775246501
2669,5.5944586112,-0.0103078579,1.0033484884,100.000000,0.54628571,-0.0022187331,0.0775230757
2671,5.5980930674,-0.0110275712,1.0033494318,100.000000,0.54628571,-0.0022245752,0.0775214936
2673,5.6018955907,-0.0117511850,1.0033503687,100.000000,0.54628571,-0.0022304222,0.0775199134
2675,5.6058463507,-0.0124703444,1.0033512996,100.000000,0.54628571,-0.0022362732,0.0775183400
2677,5.6099223699,-0.0131717652,1.0033522252,100.000000,0.54628571,-0.0022421272,0.0775167722
2679,5.6140970443,-0.0138377876,1.0033531464,100.000000,0.54628571,-0.0022479831,0.0775152014
2681,5.6183396148,-0.0144472637,1.0033540643,100.000000,0.54628571,-0.0022538401,0.0775136117
2683,5.6226146767,-0.0149767061,1.0033549801,100.000000,0.54628571,-0.0022596974,0.0775119800
2685,5.6268818302,-0.0154016077,1.0033558954,100.000000,0.54628571,-0.0022655543,0.0775102775
2687,5.6310955783,-0.0156978235,1.0033568120,100.000000,0.54628571,-0.0022714106,0.0775084715
2689,5.6352055644,-0.0158429062,1.0033577317,100.000000,0.54628571,-0.0022772664,0.0775065273
2691,5.6391572187,-0.0158172955,1.0033586567,100.000000,0.54628571,-0.0022831220,0.0775044113
2693,5.6428928478,-0.0156052803,1.0033595892,100.000000,0.54628571,-0.0022889780,0.0775020937
2695,5.6463531569,-0.0151956803,1.0033605318,100.000000,0.54628571,-0.0022948352,0.0774995514
2697,5.6494791479,-0.0145822234,1.0033614866,100.000000,0.54628571,-0.0023006945,0.0774967700
2699,5.6522142955,-0.0137636271,1.0033624563,100.000000,0.54628571,-0.0023065569,0.0774937466
2701,5.6545068606,-0.0127434184,1.0033634431,100.000000,0.54628571,-0.0023124233,0.0774904902
2703,5.6563121818,-0.0115295463,1.0033644492,100.000000,0.54628571,-0.0023182944,0.0774870226
2705,5.6575947728,-0.0101338526,1.0033654767,100.000000,0.54628571,-0.0023241709,0.0774833782
2707,5.6583300620,-0.0085714687,1.0033665273,100.000000,0.54628571,-0.0023300530,0.0774796025
2709,5.6585056377,-0.0068601984,1.0033676026,100.000000,0.54628571,-0.0023359409,0.0774757504
2711,5.6581219005,-0.0050199379,1.0033687037,100.000000,0.54628571,-0.0023418343,0.0774718841
2713,5.6571920762,-0.0030721642,1.0033698315,100.000000,0.54628571,-0.0023477327,0.0774680700
2715,5.6557415983,-0.0010395110,1.0033709865,100.000000,0.54628571,-0.0023536354,0.0774643763
2717,5.6538069220,0.0010545668,1.0033721689,100.000000,0.54628571,-0.0023595415,0.0774608697
2719,5.6514338777,0.0031860494,1.0033733785,100.000000,0.54628571,-0.0023654499,0.0774576131
2721,5.6486757062,0.0053305462,1.0033746149,100.000000,0.54628571,-0.0023713595,0.0774546632
2723,5.6455909292,0.0074634509,1.0033758775,100.000000,0.54628571,-0.0023772692,0.0774520687
2725,5.6422412124,0.0095600799,1.0033771654,100.000000,0.54628571,-0.0023831780,0.0774498686
2727,5.6386893523,0.0115958170,1.0033784776,100.000000,0.54628571,-0.0023890848,0.0774480916
2729,5.6349974917,0.0135462812,1.0033798130,100.000000,0.54628571,-0.0023949887,0.0774467554
2731,5.6312256240,0.0153875337,1.0033811704,100.000000,0.54628571,-0.0024008891,0.0774458667
2733,5.6274304082,0.0170963311,1.0033825487,100.000000,0.54628571,-0.0024067853,0.0774454219
2735,5.6236642742,0.0186504297,1.0033839469,100.000000,0.54628571,-0.0024126770,0.0774454074
2737,5.6199747746,0.0200289367,1.0033853638,100.000000,0.54628571,-0.0024185637,0.0774458008
2739,5.6164041174,0.0212126986,1.0033867988,100.000000,0.54628571,-0.0024244453,0.0774465725
2741,5.6129888133,0.0221847139,1.0033882509,100.000000,0.54628571,-0.0024303218,0.0774476867
2743,5.6097593805,0.0229305458,1.0033897196,100.000000,0.54628571,-0.0024361931,0.0774491032
2745,5.6067400651,0.0234387123,1.0033912044,100.000000,0.54628571,-0.0024420592,0.0774507791
2747,5.6039485609,0.0237010223,1.0033927049,100.000000,0.54628571,-0.0024479203,0.0774526700
2749,5.6013957375,0.0237128322,1.0033942208,100.000000,0.54628571,-0.0024537764,0.0774547314
2751,5.5990854038,0.0234731948,1.0033957519,100.000000,0.54628571,-0.0024596277,0.0774569199
2753,5.5970141532,0.0229848809,1.0033972979,100.000000,0.54628571,-0.0024654741,0.0774591941
2755,5.5951713436,0.0222542651,1.0033988587,100.000000,0.54628571,-0.0024713157,0.0774615148
2757,5.5935392604,0.0212910760,1.0034004339,100.000000,0.54628571,-0.0024771525,0.0774638449
2759,5.5920935099,0.0201080264,1.0034020230,100.000000,0.54628571,-0.0024829843,0.0774661497
2761,5.5908036660,0.0187203524,1.0034036256,100.000000,0.54628571,-0.0024888109,0.0774683958
2763,5.5896341827,0.0171452976,1.0034052409,100.000000,0.54628571,-0.0024946321,0.0774705504
2765,5.5885455586,0.0154015906,1.0034068679,100.000000,0.54628571,-0.0025004473,0.0774725807
2767,5.5874957202,0.0135089564,1.0034085054,100.000000,0.54628571,-0.0025062563,0.0774744527
2769,5.5864415754,0.0114877052,1.0034101522,100.000000,0.54628571,-0.0025120583,0.0774761311
2771,5.5853406697,0.0093584239,1.0034118067,100.000000,0.54628571,-0.0025178528,0.0774775785
2773,5.5841528714,0.0071417842,1.0034134669,100.000000,0.54628571,-0.0025236393,0.0774787562
2775,5.5828420037,0.0048584641,1.0034151310,100.000000,0.54628571,-0.0025294172,0.0774796246
2777,5.5813773453,0.0025291618,1.0034167969,100.000000,0.54628571,-0.0025351858,0.0774801442
2779,5.5797349233,0.0001746700,1.0034184623,100.000000,0.54628571,-0.0025409449,0.0774802777
2781,5.5778985342,-0.0021840301,1.0034201250,100.000000,0.54628571,-0.0025466939,0.0774799915
2783,5.5758604405,-0.0045256976,1.0034217825,100.000000,0.54628571,-0.0025524327,0.0774792580
2785,5.5736217082,-0.0068288217,1.0034234327,100.000000,0.54628571,-0.0025581611,0.0774780573
2787,5.5711921668,-0.0090717019,1.0034250733,100.000000,0.54628571,-0.0025638791,0.0774763791
2789,5.5685899936,-0.0112326359,1.0034267022,100.000000,0.54628571,-0.0025695867,0.0774742240
2791,5.5658409405,-0.0132902188,1.0034283174,100.000000,0.54628571,-0.0025752843,0.0774716039
2793,5.5629772414,-0.0152237413,1.0034299173,100.000000,0.54628571,-0.0025809720,0.0774685422
2795,5.5600362511,-0.0170136642,1.0034315002,100.000000,0.54628571,-0.0025866501,0.0774650730
2797,5.5570588839,-0.0186421358,1.0034330649,100.000000,0.54628571,-0.0025923189,0.0774612402
2799,5.5540879276,-0.0200935130,1.0034346104,100.000000,0.54628571,-0.0025979787,0.0774570953
2801,5.5511663186,-0.0213548451,1.0034361358,100.000000,0.54628571,-0.0026036298,0.0774526958
2803,5.5483354638,-0.0224162807,1.0034376407,100.000000,0.54628571,-0.0026092724,0.0774481027
2805,5.5456336979,-0.0232713660,1.0034391248,100.000000,0.54628571,-0.0026149066,0.0774433784
2807,5.5430949511,-0.0239172088,1.0034405880,100.000000,0.54628571,-0.0026205325,0.0774385849
2809,5.5407476958,-0.0243544969,1.0034420305,100.000000,0.54628571,-0.0026261503,0.0774337818
2811,5.5386142194,-0.0245873686,1.0034434524,100.000000,0.54628571,-0.0026317599,0.0774290253
2813,5.5367102506,-0.0246231467,1.0034448542,100.000000,0.54628571,-0.0026373613,0.0774243667
2815,5.5350449433,-0.0244719579,1.0034462363,100.000000,0.54628571,-0.0026429545,0.0774198520
2817,5.5336212003,-0.0241462670,1.0034475993,100.000000,0.54628571,-0.0026485397,0.0774155214
2819,5.5324362947,-0.0236603610,1.0034489438,100.000000,0.54628571,-0.0026541167,0.0774114089
2821,5.5314827351,-0.0230298205,1.0034502702,100.000000,0.54628571,-0.0026596856,0.0774075425
2823,5.5307493064,-0.0222710117,1.0034515790,100.000000,0.54628571,-0.0026652466,0.0774039435
2825,5.5302222121,-0.0214006297,1.0034528709,100.000000,0.54628571,-0.0026707995,0.0774006272
2827,5.5298862495,-0.0204353132,1.0034541461,100.000000,0.54628571,-0.0026763445,0.0773976023
2829,5.5297259508,-0.0193913415,1.0034554052,100.000000,0.54628571,-0.0026818814,0.0773948711
2831,5.5297266352,-0.0182844131,1.0034566483,100.000000,0.54628571,-0.0026874101,0.0773924295
2833,5.5298753283,-0.0171294958,1.0034578759,100.000000,0.54628571,-0.0026929304,0.0773902671
2835,5.5301615165,-0.0159407284,1.0034590881,100.000000,0.54628571,-0.0026984421,0.0773883671
2837,5.5305777156,-0.0147313497,1.0034602852,100.000000,0.54628571,-0.0027039447,0.0773867073
2839,5.5311198399,-0.0135136287,1.0034614673,100.000000,0.54628571,-0.0027094379,0.0773852601
2841,5.5317873691,-0.0122987715,1.0034626345,100.000000,0.54628571,-0.0027149213,0.0773839933
2843,5.5325833119,-0.0110967904,1.0034637872,100.000000,0.54628571,-0.0027203945,0.0773828715
2845,5.5335139744,-0.0099163269,1.0034649252,100.000000,0.54628571,-0.0027258572,0.0773818568
2847,5.5345885443,-0.0087644363,1.0034660490,100.000000,0.54628571,-0.0027313093,0.0773809101
2849,5.5358185095,-0.0076463526,1.0034671585,100.000000,0.54628571,-0.0027367508,0.0773799929
2851,5.5372169363,-0.0065652644,1.0034682539,100.000000,0.54628571,-0.0027421818,0.0773790681
2853,5.5387976379,-0.0055221393,1.0034693356,100.000000,0.54628571,-0.0027476029,0.0773781015
2855,5.5405742722,-0.0045156395,1.0034704037,100.000000,0.54628571,-0.0027530146,0.0773770633
2857,5.5425594116,-0.0035421658,1.0034714586,100.000000,0.54628571,-0.0027584178,0.0773759284
2859,5.5447636278,-0.0025960608,1.0034725006,100.000000,0.54628571,-0.0027638133,0.0773746776
2861,5.5471946368,-0.0016699877,1.0034735301,100.000000,0.54628571,-0.0027692023,0.0773732976
2863,5.5498565408,-0.0007554834,1.0034745477,100.000000,0.54628571,-0.0027745855,0.0773717812
2865,5.5527491974,0.0001563348,1.0034755538,100.000000,0.54628571,-0.0027799641,0.0773701269
2867,5.5558677350,0.0010739475,1.0034765491,100.000000,0.54628571,-0.0027853386,0.0773683381
2869,5.5592022229,0.0020045520,1.0034775343,100.000000,0.54628571,-0.0027907097,0.0773664224
2871,5.5627374940,0.0029531885,1.0034785103,100.000000,0.54628571,-0.0027960776,0.0773643903
2873,5.5664531083,0.0039219461,1.0034794778,100.000000,0.54628571,-0.0028014423,0.0773622539
2875,5.5703234436,0.0049093187,1.0034804381,100.000000,0.54628571,-0.0028068036,0.0773600258
2877,5.5743178957,0.0059097725,1.0034813920,100.000000,0.54628571,-0.0028121611,0.0773577177
2879,5.5784011776,0.0069135741,1.0034823410,100.000000,0.54628571,-0.0028175141,0.0773553391
2881,5.5825337111,0.0079069030,1.0034832863,100.000000,0.54628571,-0.0028228619,0.0773528971
2883,5.5866721122,0.0088722535,1.0034842294,100.000000,0.54628571,-0.0028282037,0.0773503953
2885,5.5907697817,0.0097891046,1.0034851719,100.000000,0.54628571,-0.0028335390,0.0773478339
2887,5.5947776153,0.0106348119,1.0034861154,100.000000,0.54628571,-0.0028388671,0.0773452101
2889,5.5986448494,0.0113856601,1.0034870618,100.000000,0.54628571,-0.0028441877,0.0773425187
2891,5.6023200554,0.0120179959,1.0034880130,100.000000,0.54628571,-0.0028495007,0.0773397527
2893,5.6057522839,0.0125093610,1.0034889708,100.000000,0.54628571,-0.0028548063,0.0773369053
2895,5.6088923461,0.0128395435,1.0034899373,100.000000,0.54628571,-0.0028601048,0.0773339707
2897,5.6116942007,0.0129914765,1.0034909145,100.000000,0.54628571,-0.0028653968,0.0773309457
2899,5.6141163949,0.0129519324,1.0034919044,100.000000,0.54628571,-0.0028706829,0.0773278313
2901,5.6161234890,0.0127119788,1.0034929087,100.000000,0.54628571,-0.0028759641,0.0773246334
2903,5.6176873818,0.0122671873,1.0034939295,100.000000,0.54628571,-0.0028812410,0.0773213642
2905,5.6187884478,0.0116176101,1.0034949682,100.000000,0.54628571,-0.0028865143,0.0773180420
2907,5.6194163992,0.0107675549,1.0034960263,100.000000,0.54628571,-0.0028917846,0.0773146918
2909,5.6195707993,0.0097252041,1.0034971052,100.000000,0.54628571,-0.0028970522,0.0773113446
2911,5.6192611774,0.0085021314,1.0034982059,100.000000,0.54628571,-0.0029023172,0.0773080364
2913,5.6185067218,0.0071127678,1.0034993290,100.000000,0.54628571,-0.0029075795,0.0773048077
2915,5.6173355631,0.0055738652,1.0035004751,100.000000,0.54628571,-0.0029128385,0.0773017013
2917,5.6157836929,0.0039039947,1.0035016446,100.000000,0.54628571,-0.0029180937,0.0772987616
2919,5.6138935888,0.0021231053,1.0035028372,100.000000,0.54628571,-0.0029233442,0.0772960323
2921,5.6117126424,0.0002521567,1.0035040529,100.000000,0.54628571,-0.0029285891,0.0772935549
2923,5.6092914923,-0.0016871734,1.0035052912,100.000000,0.54628571,-0.0029338271,0.0772913675
2925,5.6066823657,-0.0036727153,1.0035065516,100.000000,0.54628571,-0.0029390572,0.0772895032
2927,5.6039375198,-0.0056819813,1.0035078333,100.000000,0.54628571,-0.0029442782,0.0772879889
2929,5.6011078508,-0.0076923078,1.0035091356,100.000000,0.54628571,-0.0029494893,0.0772868444
2931,5.5982417155,-0.0096809839,1.0035104577,100.000000,0.54628571,-0.0029546894,0.0772860818
2933,5.5953839783,-0.0116253873,1.0035117989,100.000000,0.54628571,-0.0029598778,0.0772857047
2935,5.5925752760,-0.0135031417,1.0035131584,100.000000,0.54628571,-0.0029650538,0.0772857089
2937,5.5898514686,-0.0152923090,1.0035145356,100.000000,0.54628571,-0.0029702172,0.0772860817
2939,5.5872432383,-0.0169716220,1.0035159299,100.000000,0.54628571,-0.0029753674,0.0772868027
2941,5.5847757934,-0.0185207584,1.0035173409,100.000000,0.54628571,-0.0029805046,0.0772878448
2943,5.5824686409,-0.0199206525,1.0035187682,100.000000,0.54628571,-0.0029856286,0.0772891745
2945,5.5803354060,-0.0211538317,1.0035202116,100.000000,0.54628571,-0.0029907395,0.0772907533
2947,5.5783836891,-0.0222047651,1.0035216710,100.000000,0.54628571,-0.0029958377,0.0772925391
2949,5.5766149702,-0.0230602010,1.0035231463,100.000000,0.54628571,-0.0030009233,0.0772944871
2951,5.5750245834,-0.0237094741,1.0035246374,100.000000,0.54628571,-0.0030059966,0.0772965512
2953,5.5736017918,-0.0241447568,1.0035261442,100.000000,0.54628571,-0.0030110580,0.0772986851
2955,5.5723299975,-0.0243612342,1.0035276666,100.000000,0.54628571,-0.0030161078,0.0773008432
2957,5.5711871173,-0.0243571859,1.0035292044,100.000000,0.54628571,-0.0030211461,0.0773029817
2959,5.5701461452,-0.0241339631,1.0035307572,100.000000,0.54628571,-0.0030261732,0.0773050587
2961,5.5691759097,-0.0236958599,1.0035323245,100.000000,0.54628571,-0.0030311891,0.0773070349
2963,5.5682420187,-0.0230498872,1.0035339056,100.000000,0.54628571,-0.0030361938,0.0773088737
2965,5.5673079690,-0.0222054651,1.0035354996,100.000000,0.54628571,-0.0030411871,0.0773105410
2967,5.5663363842,-0.0211740623,1.0035371052,100.000000,0.54628571,-0.0030461688,0.0773120051
2969,5.5652903327,-0.0199688115,1.0035387213,100.000000,0.54628571,-0.0030511384,0.0773132368
2971,5.5641346733,-0.0186041351,1.0035403460,100.000000,0.54628571,-0.0030560956,0.0773142093
2973,5.5628373698,-0.0170954117,1.0035419776,100.000000,0.54628571,-0.0030610397,0.0773148981
2975,5.5613707205,-0.0154587074,1.0035436141,100.000000,0.54628571,-0.0030659701,0.0773152812
2977,5.5597124507,-0.0137105850,1.0035452535,100.000000,0.54628571,-0.0030708863,0.0773153397
2979,5.5578466224,-0.0118679945,1.0035468933,100.000000,0.54628571,-0.0030757876,0.0773150584
2981,5.5557643274,-0.0099482349,1.0035485314,100.000000,0.54628571,-0.0030806734,0.0773144262
2983,5.5534641334,-0.0079689671,1.0035501654,100.000000,0.54628571,-0.0030855433,0.0773134371
2985,5.5509522676,-0.0059482511,1.0035517931,100.000000,0.54628571,-0.0030903969,0.0773120910
2987,5.5482425275,-0.0039045768,1.0035534123,100.000000,0.54628571,-0.0030952340,0.0773103938
2989,5.5453559211,-0.0018568581,1.0035550211,100.000000,0.54628571,-0.0031000545,0.0773083584
2991,5.5423200449,0.0001756339,1.0035566176,100.000000,0.54628571,-0.0031048584,0.0773060040
2993,5.5391682189,0.0021734169,1.0035582002,100.000000,0.54628571,-0.0031096459,0.0773033565
2995,5.5359384077,0.0041170281,1.0035597675,100.000000,0.54628571,-0.0031144172,0.0773004476
2997,5.5326719640,0.0059873376,1.0035613185,100.000000,0.54628571,-0.0031191729,0.0772973138
2999,5.5294122414,0.0077659285,1.0035628524,100.000000,0.54628571,-0.0031239132,0.0772939953
3001,5.5262031308,0.0094355220,1.0035643684,100.000000,0.54628571,-0.0031286387,0.0772905345
3003,5.5230875816,0.0109804180,1.0035658665,100.000000,0.54628571,-0.0031333498,0.0772869751
3005,5.5201061726,0.0123869175,1.0035673463,100.000000,0.54628571,-0.0031380471,0.0772833600
3007,5.5172957995,0.0136436973,1.0035688080,100.000000,0.54628571,-0.0031427308,0.0772797307
3009,5.5146885387,0.0147421048,1.0035702519,100.000000,0.54628571,-0.0031474014,0.0772761259
3011,5.5123107450,0.0156763527,1.0035716783,100.000000,0.54628571,-0.0031520592,0.0772725806
3013,5.5101824231,0.0164435990,1.0035730876,100.000000,0.54628571,-0.0031567044,0.0772691258
3015,5.5083169014,0.0170439065,1.0035744802,100.000000,0.54628571,-0.0031613371,0.0772657881
3017,5.5067208168,0.0174800878,1.0035758566,100.000000,0.54628571,-0.0031659575,0.0772625892
3019,5.5053944011,0.0177574492,1.0035772173,100.000000,0.54628571,-0.0031705657,0.0772595464
3021,5.5043320442,0.0178834542,1.0035785626,100.000000,0.54628571,-0.0031751617,0.0772566723
3023,5.5035230918,0.0178673327,1.0035798928,100.000000,0.54628571,-0.0031797456,0.0772539754
3025,5.5029528260,0.0177196627,1.0035812082,100.000000,0.54628571,-0.0031843172,0.0772514597
3027,5.5026035713,0.0174519533,1.0035825087,100.000000,0.54628571,-0.0031888767,0.0772491258
3029,5.5024558649,0.0170762503,1.0035837945,100.000000,0.54628571,-0.0031934239,0.0772469701
3031,5.5024896314,0.0166047851,1.0035850656,100.000000,0.54628571,-0.0031979588,0.0772449858
3033,5.5026853110,0.0160496763,1.0035863216,100.000000,0.54628571,-0.0032024811,0.0772431626
3035,5.5030248906,0.0154226898,1.0035875626,100.000000,0.54628571,-0.0032069908,0.0772414870
3037,5.5034928027,0.0147350528,1.0035887881,100.000000,0.54628571,-0.0032114876,0.0772399428
3039,5.5040766579,0.0139973129,1.0035899979,100.000000,0.54628571,-0.0032159713,0.0772385109
3041,5.5047677896,0.0132192300,1.0035911917,100.000000,0.54628571,-0.0032204416,0.0772371700
3043,5.5055615931,0.0124096836,1.0035923692,100.000000,0.54628571,-0.0032248983,0.0772358968
3045,5.5064576495,0.0115765844,1.0035935300,100.000000,0.54628571,-0.0032293410,0.0772346667
3047,5.5074596302,0.0107267772,1.0035946739,100.000000,0.54628571,-0.0032337697,0.0772334543
3049,5.5085749845,0.0098659322,1.0035958007,100.000000,0.54628571,-0.0032381842,0.0772322340
3051,5.5098144199,0.0089984266,1.0035969102,100.000000,0.54628571,-0.0032425847,0.0772309806
3053,5.5111911936,0.0081272277,1.0035980025,100.000000,0.54628571,-0.0032469712,0.0772296702
3055,5.5127202406,0.0072537944,1.0035990774,100.000000,0.54628571,-0.0032513443,0.0772282809
3057,5.5144171737,0.0063780206,1.0036001352,100.000000,0.54628571,-0.0032557045,0.0772267935
3059,5.5162971971,0.0054982435,1.0036011762,100.000000,0.54628571,-0.0032600524,0.0772251918
3061,5.5183739830,0.0046113428,1.0036022007,100.000000,0.54628571,-0.0032643890,0.0772234635
3063,5.5206585622,0.0037129460,1.0036032094,100.000000,0.54628571,-0.0032687153,0.0772216001
3065,5.5231582812,0.0027977524,1.0036042029,100.000000,0.54628571,-0.0032730321,0.0772195975
3067,5.5258758761,0.0018599728,1.0036051821,100.000000,0.54628571,-0.0032773406,0.0772174558
3069,5.5288087067,0.0008938715,1.0036061480,100.000000,0.54628571,-0.0032816417,0.0772151788
3071,5.5319481859,-0.0001056158,1.0036071016,100.000000,0.54628571,-0.0032859361,0.0772127742
3073,5.5352794302,-0.0011422264,1.0036080443,100.000000,0.54628571,-0.0032902244,0.0772102523
3075,5.5387811453,-0.0022177226,1.0036089775,100.000000,0.54628571,-0.0032945071,0.0772076259
3077,5.5424257506,-0.0033313031,1.0036099026,100.000000,0.54628571,-0.0032987845,0.0772049095
3079,5.5461797380,-0.0044791245,1.0036108212,100.000000,0.54628571,-0.0033030564,0.0772021179
3081,5.5500042511,-0.0056539776,1.0036117350,100.000000,0.54628571,-0.0033073227,0.0771992662
3083,5.5538558660,-0.0068451563,1.0036126458,100.000000,0.54628571,-0.0033115831,0.0771963686
3085,5.5576875507,-0.0080385415,1.0036135554,100.000000,0.54628571,-0.0033158371,0.0771934380
3087,5.5614497766,-0.0092169069,1.0036144657,100.000000,0.54628571,-0.0033200843,0.0771904855
3089,5.5650917518,-0.0103604347,1.0036153786,100.000000,0.54628571,-0.0033243243,0.0771875204
3091,5.5685627455,-0.0114474147,1.0036162959,100.000000,0.54628571,-0.0033285567,0.0771845502
3093,5.5718134656,-0.0124550819,1.0036172196,100.000000,0.54628571,-0.0033327814,0.0771815807
3095,5.5747974511,-0.0133605381,1.0036181516,100.000000,0.54628571,-0.0033369983,0.0771786166
3097,5.5774724328,-0.0141416951,1.0036190937,100.000000,0.54628571,-0.0033412076,0.0771756619
3099,5.5798016159,-0.0147781773,1.0036200476,100.000000,0.54628571,-0.0033454096,0.0771727208
3101,5.5817548290,-0.0152521247,1.0036210150,100.000000,0.54628571,-0.0033496048,0.0771697983
3103,5.5833094907,-0.0155488493,1.0036219973,100.000000,0.54628571,-0.0033537938,0.0771669010
3105,5.5844513415,-0.0156573109,1.0036229961,100.000000,0.54628571,-0.0033579771,0.0771640376
3107,5.5851748991,-0.0155703952,1.0036240125,100.000000,0.54628571,-0.0033621554,0.0771612195
3109,5.5854836057,-0.0152849959,1.0036250475,100.000000,0.54628571,-0.0033663292,0.0771584610
3111,5.5853896507,-0.0148019169,1.0036261019,100.000000,0.54628571,-0.0033704989,0.0771557796
3113,5.5849134709,-0.0141256246,1.0036271765,100.000000,0.54628571,-0.0033746646,0.0771531957
3115,5.5840829492,-0.0132638886,1.0036282716,100.000000,0.54628571,-0.0033788263,0.0771507322
3117,5.5829323523,-0.0122273533,1.0036293874,100.000000,0.54628571,-0.0033829839,0.0771484142
3119,5.5815010646,-0.0110290810,1.0036305239,100.000000,0.54628571,-0.0033871368,0.0771462676
3121,5.5798321853,-0.0096841023,1.0036316811,100.000000,0.54628571,-0.0033912844,0.0771443192
3123,5.5779710636,-0.0082090030,1.0036328584,100.000000,0.54628571,-0.0033954258,0.0771425946
3125,5.5759638450,-0.0066215642,1.0036340557,100.000000,0.54628571,-0.0033995601,0.0771411178
3127,5.5738560944,-0.0049404647,1.0036352723,100.000000,0.54628571,-0.0034036862,0.0771399100
3129,5.5716915500,-0.0031850444,1.0036365076,100.000000,0.54628571,-0.0034078031,0.0771389886
3131,5.5695110465,-0.0013751213,1.0036377611,100.000000,0.54628571,-0.0034119098,0.0771383661
3133,5.5673516266,0.0004691533,1.0036390321,100.000000,0.54628571,-0.0034160053,0.0771380500
3135,5.5652458473,0.0023274161,1.0036403203,100.000000,0.54628571,-0.0034200888,0.0771380414
3137,5.5632212707,0.0041792082,1.0036416252,100.000000,0.54628571,-0.0034241596,0.0771383354
3139,5.5613001203,0.0060041007,1.0036429463,100.000000,0.54628571,-0.0034282173,0.0771389207
3141,5.5594990803,0.0077818447,1.0036442835,100.000000,0.54628571,-0.0034322614,0.0771397801
3143,5.5578292137,0.0094925517,1.0036456368,100.000000,0.54628571,-0.0034362919,0.0771408903
3145,5.5562959797,0.0111169098,1.0036470059,100.000000,0.54628571,-0.0034403086,0.0771422229
3147,5.5548993365,0.0126364343,1.0036483912,100.000000,0.54628571,-0.0034443117,0.0771437451
3149,5.5536339234,0.0140337447,1.0036497926,100.000000,0.54628571,-0.0034483014,0.0771454201
3151,5.5524893220,0.0152928584,1.0036512103,100.000000,0.54628571,-0.0034522780,0.0771472085
3153,5.5514504022,0.0163994851,1.0036526446,100.000000,0.54628571,-0.0034562419,0.0771490687
3155,5.5504977597,0.0173413043,1.0036540955,100.000000,0.54628571,-0.0034601934,0.0771509581
3157,5.5496082529,0.0181082075,1.0036555630,100.000000,0.54628571,-0.0034641329,0.0771528339
3159,5.5487556418,0.0186924874,1.0036570470,100.000000,0.54628571,-0.0034680608,0.0771546537
3161,5.5479113265,0.0190889586,1.0036585473,100.000000,0.54628571,-0.0034719772,0.0771563763
3163,5.5470451768,0.0192950002,1.0036600634,100.000000,0.54628571,-0.0034758824,0.0771579624
3165,5.5461264374,0.0193105157,1.0036615945,100.000000,0.54628571,-0.0034797764,0.0771593752
3167,5.5451246830,0.0191378132,1.0036631397,100.000000,0.54628571,-0.0034836591,0.0771605808
3169,5.5440107991,0.0187814168,1.0036646978,100.000000,0.54628571,-0.0034875305,0.0771615486
3171,5.5427579536,0.0182478255,1.0036662673,100.000000,0.54628571,-0.0034913901,0.0771622522
3173,5.5413425281,0.0175452412,1.0036678466,100.000000,0.54628571,-0.0034952377,0.0771626695
3175,5.5397449759,0.0166832907,1.0036694337,100.000000,0.54628571,-0.0034990727,0.0771627831
3177,5.5379505763,0.0156727628,1.0036710267,100.000000,0.54628571,-0.0035028945,0.0771625810
3179,5.5359500571,0.0145253833,1.0036726234,100.000000,0.54628571,-0.0035067027,0.0771620565
3181,5.5337400633,0.0132536383,1.0036742215,100.000000,0.54628571,-0.0035104965,0.0771612088
3183,5.5313234519,0.0118706537,1.0036758188,100.000000,0.54628571,-0.0035142755,0.0771600431
3185,5.5287094001,0.0103901271,1.0036774131,100.000000,0.54628571,-0.0035180391,0.0771585704
3187,5.5259133158,0.0088263013,1.0036790021,100.000000,0.54628571,-0.0035217869,0.0771568074
3189,5.5229565502,0.0071939633,1.0036805839,100.000000,0.54628571,-0.0035255186,0.0771547765
3191,5.5198659117,0.0055084455,1.0036821566,100.000000,0.54628571,-0.0035292340,0.0771525045
3193,5.5166729922,0.0037856101,1.0036837186,100.000000,0.54628571,-0.0035329331,0.0771500224
3195,5.5134133209,0.0020417940,1.0036852684,100.000000,0.54628571,-0.0035366160,0.0771473646
3197,5.5101253691,0.0002936998,1.0036868048,100.000000,0.54628571,-0.0035402828,0.0771445673
3199,5.5068494363,-0.0014417758,1.0036883269,100.000000,0.54628571,-0.0035439339,0.0771416677
3201,5.5036264554,-0.0031477780,1.0036898340,100.000000,0.54628571,-0.0035475697,0.0771387032
3203,5.5004967618,-0.0048077864,1.0036913258,100.000000,0.54628571,-0.0035511905,0.0771357098
3205,5.4974988723,-0.0064059512,1.0036928018,100.000000,0.54628571,-0.0035547970,0.0771327211
3207,5.4946683265,-0.0079274504,1.0036942621,100.000000,0.54628571,-0.0035583894,0.0771297679
3209,5.4920366399,-0.0093588472,1.0036957069,100.000000,0.54628571,-0.0035619684,0.0771268774
3211,5.4896304144,-0.0106884185,1.0036971362,100.000000,0.54628571,-0.0035655342,0.0771240724
3213,5.4874706482,-0.0119064334,1.0036985506,100.000000,0.54628571,-0.0035690873,0.0771213714
3215,5.4855722745,-0.0130053598,1.0036999502,100.000000,0.54628571,-0.0035726278,0.0771187884
3217,5.4839439503,-0.0139799842,1.0037013356,100.000000,0.54628571,-0.0035761560,0.0771163329
3219,5.4825881016,-0.0148274383,1.0037027070,100.000000,0.54628571,-0.0035796720,0.0771140103
3221,5.4815012203,-0.0155471306,1.0037040648,100.000000,0.54628571,-0.0035831758,0.0771118221
3223,5.4806743930,-0.0161405905,1.0037054093,100.000000,0.54628571,-0.0035866675,0.0771097666
3225,5.4800940351,-0.0166112390,1.0037067406,100.000000,0.54628571,-0.0035901471,0.0771078387
3227,5.4797427888,-0.0169641029,1.0037080587,100.000000,0.54628571,-0.0035936144,0.0771060307
3229,5.4796005430,-0.0172054928,1.0037093638,100.000000,0.54628571,-0.0035970694,0.0771043331
3231,5.4796455255,-0.0173426669,1.0037106556,100.000000,0.54628571,-0.0036005119,0.0771027340
3233,5.4798554179,-0.0173834995,1.0037119339,100.000000,0.54628571,-0.0036039420,0.0771012204
3235,5.4802084458,-0.0173361704,1.0037131984,100.000000,0.54628571,-0.0036073593,0.0770997781
3237,5.4806843991,-0.0172088872,1.0037144488,100.000000,0.54628571,-0.0036107638,0.0770983920
3239,5.4812655421,-0.0170096489,1.0037156846,100.000000,0.54628571,-0.0036141554,0.0770970462
3241,5.4819373786,-0.0167460497,1.0037169052,100.000000,0.54628571,-0.0036175338,0.0770957248
3243,5.4826892442,-0.0164251239,1.0037181103,100.000000,0.54628571,-0.0036208990,0.0770944117
3245,5.4835147025,-0.0160532241,1.0037192992,100.000000,0.54628571,-0.0036242508,0.0770930909
3247,5.4844117326,-0.0156359245,1.0037204716,100.000000,0.54628571,-0.0036275892,0.0770917468
3249,5.4853826967,-0.0151779434,1.0037216268,100.000000,0.54628571,-0.0036309142,0.0770903647
3251,5.4864340900,-0.0146830771,1.0037227647,100.000000,0.54628571,-0.0036342257,0.0770889305
3253,5.4875760782,-0.0141541414,1.0037238847,100.000000,0.54628571,-0.0036375239,0.0770874314
3255,5.4888218376,-0.0135929227,1.0037249869,100.000000,0.54628571,-0.0036408092,0.0770858560
3257,5.4901867214,-0.0130001430,1.0037260710,100.000000,0.54628571,-0.0036440819,0.0770841944
3259,5.4916872816,-0.0123754477,1.0037271373,100.000000,0.54628571,-0.0036473426,0.0770824387
3261,5.4933401858,-0.0117174285,1.0037281858,100.000000,0.54628571,-0.0036505919,0.0770805826
3263,5.4951610721,-0.0110236960,1.0037292171,100.000000,0.54628571,-0.0036538305,0.0770786224
3265,5.4971633923,-0.0102910138,1.0037302317,100.000000,0.54628571,-0.0036570595,0.0770765561
3267,5.4993572944,-0.0095155042,1.0037312303,100.000000,0.54628571,-0.0036602796,0.0770743844
3269,5.5017485973,-0.0086929320,1.0037322139,100.000000,0.54628571,-0.0036634919,0.0770721101
3271,5.5043379085,-0.0078190622,1.0037331834,100.000000,0.54628571,-0.0036666974,0.0770697380
3273,5.5071199284,-0.0068900824,1.0037341403,100.000000,0.54628571,-0.0036698968,0.0770672752
3275,5.5100829816,-0.0059030727,1.0037350857,100.000000,0.54628571,-0.0036730910,0.0770647305
3277,5.5132088023,-0.0048564947,1.0037360212,100.000000,0.54628571,-0.0036762805,0.0770621143
3279,5.5164725923,-0.0037506704,1.0037369484,100.000000,0.54628571,-0.0036794659,0.0770594381
3281,5.5198433574,-0.0025882136,1.0037378690,100.000000,0.54628571,-0.0036826473,0.0770567143
3283,5.5232845168,-0.0013743790,1.0037387847,100.000000,0.54628571,-0.0036858250,0.0770539558
3285,5.5267547648,-0.0001172946,1.0037396975,100.000000,0.54628571,-0.0036889989,0.0770511755
3287,5.5302091584,0.0011719481,1.0037406091,100.000000,0.54628571,-0.0036921687,0.0770483859
3289,5.5336003879,0.0024793672,1.0037415215,100.000000,0.54628571,-0.0036953344,0.0770455991
3291,5.5368801845,0.0037883311,1.0037424365,100.000000,0.54628571,-0.0036984955,0.0770428260
3293,5.5400008083,0.0050799644,1.0037433560,100.000000,0.54628571,-0.0037016517,0.0770400764
3295,5.5429165586,0.0063336992,1.0037442819,100.000000,0.54628571,-0.0037048029,0.0770373591
3297,5.5455852430,0.0075279431,1.0037452159,100.000000,0.54628571,-0.0037079488,0.0770346813
3299,5.5479695447,0.0086408244,1.0037461597,100.000000,0.54628571,-0.0037110895,0.0770320496
3301,5.5500382296,0.0096509694,1.0037471149,100.000000,0.54628571,-0.0037142250,0.0770294695
3303,5.5517671393,0.0105382630,1.0037480829,100.000000,0.54628571,-0.0037173554,0.0770269461
3305,5.5531399271,0.0112845466,1.0037490650,100.000000,0.54628571,-0.0037204810,0.0770244841
3307,5.5541485035,0.0118742128,1.0037500625,100.000000,0.54628571,-0.0037236022,0.0770220888
3309,5.5547931720,0.0122946662,1.0037510763,100.000000,0.54628571,-0.0037267194,0.0770197660
3311,5.5550824513,0.0125366302,1.0037521072,100.000000,0.54628571,-0.0037298327,0.0770175225
3313,5.5550325939,0.0125942951,1.0037531558,100.000000,0.54628571,-0.0037329426,0.0770153665
3315,5.5546668303,0.0124653133,1.0037542226,100.000000,0.54628571,-0.0037360492,0.0770133078
3317,5.5540143771,0.0121506604,1.0037553079,100.000000,0.54628571,-0.0037391524,0.0770113576
3319,5.5531092617,0.0116543888,1.0037564117,100.000000,0.54628571,-0.0037422521,0.0770095289
3321,5.5519890234,0.0109833058,1.0037575340,100.000000,0.54628571,-0.0037453480,0.0770078356
3323,5.5506933532,0.0101466092,1.0037586745,100.000000,0.54628571,-0.0037484395,0.0770062928
3325,5.5492627345,0.0091555126,1.0037598328,100.000000,0.54628571,-0.0037515261,0.0770049158
3327,5.5477371419,0.0080228857,1.0037610086,100.000000,0.54628571,-0.0037546069,0.0770037196
3329,5.5461548463,0.0067629302,1.0037622014,100.000000,0.54628571,-0.0037576810,0.0770027181
3331,5.5445513653,0.0053909018,1.0037634106,100.000000,0.54628571,-0.0037607477,0.0770019239
3333,5.5429585814,0.0039228835,1.0037646359,100.000000,0.54628571,-0.0037638058,0.0770013467
3335,5.5414040457,0.0023756062,1.0037658766,100.000000,0.54628571,-0.0037668546,0.0770009934
3337,5.5399104649,0.0007663074,1.0037671325,100.000000,0.54628571,-0.0037698934,0.0770008674
3339,5.5384953691,-0.0008873837,1.0037684032,100.000000,0.54628571,-0.0037729213,0.0770009678
3341,5.5371709447,-0.0025675483,1.0037696886,100.000000,0.54628571,-0.0037759379,0.0770012897
3343,5.5359440172,-0.0042560841,1.0037709885,100.000000,0.54628571,-0.0037789428,0.0770018233
3345,5.5348161666,-0.0059348240,1.0037723030,100.000000,0.54628571,-0.0037819357,0.0770025550
3347,5.5337839576,-0.0075856798,1.0037736322,100.000000,0.54628571,-0.0037849166,0.0770034663
3349,5.5328392704,-0.0091908145,1.0037749763,100.000000,0.54628571,-0.0037878855,0.0770045353
3351,5.5319697206,-0.0107328444,1.0037763355,100.000000,0.54628571,-0.0037908425,0.0770057360
3353,5.5311591566,-0.0121950679,1.0037777101,100.000000,0.54628571,-0.0037937879,0.0770070397
3355,5.5303882272,-0.0135617122,1.0037791004,100.000000,0.54628571,-0.0037967220,0.0770084148
3357,5.5296350113,-0.0148181878,1.0037805065,100.000000,0.54628571,-0.0037996452,0.0770098279
3359,5.5288756990,-0.0159513360,1.0037819287,100.000000,0.54628571,-0.0038025577,0.0770112441
3361,5.5280853154,-0.0169496557,1.0037833669,100.000000,0.54628571,-0.0038054599,0.0770126277
3363,5.5272384723,-0.0178034929,1.0037848209,100.000000,0.54628571,-0.0038083521,0.0770139431
3365,5.5263101323,-0.0185051832,1.0037862903,100.000000,0.54628571,-0.0038112345,0.0770151552
3367,5.5252763673,-0.0190491346,1.0037877746,100.000000,0.54628571,-0.0038141072,0.0770162303
3369,5.5241150925,-0.0194318472,1.0037892729,100.000000,0.54628571,-0.0038169701,0.0770171368
3371,5.5228067547,-0.0196518700,1.0037907842,100.000000,0.54628571,-0.0038198233,0.0770178462
3373,5.5213349568,-0.0197096992,1.0037923072,100.000000,0.54628571,-0.0038226664,0.0770183332
3375,5.5196870013,-0.0196076301,1.0037938403,100.000000,0.54628571,-0.0038254993,0.0770185773
3377,5.5178543373,-0.0193495761,1.0037953820,100.000000,0.54628571,-0.0038283215,0.0770185625
3379,5.5158329000,-0.0189408719,1.0037969304,100.000000,0.54628571,-0.0038311325,0.0770182789
3381,5.5136233349,-0.0183880795,1.0037984834,100.000000,0.54628571,-0.0038339318,0.0770177219
3383,5.5112311014,-0.0176988104,1.0038000392,100.000000,0.54628571,-0.0038367189,0.0770168937
3385,5.5086664536,-0.0168815782,1.0038015956,100.000000,0.54628571,-0.0038394933,0.0770158021
3387,5.5059442990,-0.0159456874,1.0038031505,100.000000,0.54628571,-0.0038422545,0.0770144615
3389,5.5030839378,-0.0149011588,1.0038047021,100.000000,0.54628571,-0.0038450019,0.0770128915
3391,5.5001086862,-0.0137586878,1.0038062485,100.000000,0.54628571,-0.0038477354,0.0770111169
3393,5.4970453913,-0.0125296237,1.0038077878,100.000000,0.54628571,-0.0038504545,0.0770091664
3395,5.4939238441,-0.0112259579,1.0038093187,100.000000,0.54628571,-0.0038531592,0.0770070720
3397,5.4907761034,-0.0098603035,1.0038108397,100.000000,0.54628571,-0.0038558494,0.0770048674
3399,5.4876357427,-0.0084458514,1.0038123496,100.000000,0.54628571,-0.0038585253,0.0770025874
3401,5.4845370381,-0.0069962906,1.0038138476,100.000000,0.54628571,-0.0038611869,0.0770002660
3403,5.4815141158,-0.0055256818,1.0038153329,100.000000,0.54628571,-0.0038638345,0.0769979358
3405,5.4786000858,-0.0040482826,1.0038168050,100.000000,0.54628571,-0.0038664686,0.0769956265
3407,5.4758261855,-0.0025783248,1.0038182635,100.000000,0.54628571,-0.0038690895,0.0769933643
3409,5.4732209627,-0.0011297530,1.0038197083,100.000000,0.54628571,-0.0038716975,0.0769911713
3411,5.4708095295,0.0002840615,1.0038211393,100.000000,0.54628571,-0.0038742932,0.0769890646
3413,5.4686129134,0.0016506164,1.0038225566,100.000000,0.54628571,-0.0038768769,0.0769870566
3415,5.4666475360,0.0029585612,1.0038239602,100.000000,0.54628571,-0.0038794490,0.0769851544
3417,5.4649248416,0.0041979505,1.0038253505,100.000000,0.54628571,-0.0038820097,0.0769833605
3419,5.4634510965,0.0053604477,1.0038267275,100.000000,0.54628571,-0.0038845592,0.0769816728
3421,5.4622273708,0.0064394658,1.0038280915,100.000000,0.54628571,-0.0038870978,0.0769800854
3423,5.4612497094,0.0074302367,1.0038294425,100.000000,0.54628571,-0.0038896255,0.0769785888
3425,5.4605094902,0.0083298031,1.0038307808,100.000000,0.54628571,-0.0038921423,0.0769771709
3427,5.4599939577,0.0091369376,1.0038321064,100.000000,0.54628571,-0.0038946482,0.0769758176
3429,5.4596869152,0.0098519950,1.0038334191,100.000000,0.54628571,-0.0038971431,0.0769745135
3431,5.4595695474,0.0104767099,1.0038347190,100.000000,0.54628571,-0.0038996269,0.0769732424
3433,5.4596213414,0.0110139542,1.0038360057,100.000000,0.54628571,-0.0039020996,0.0769719880
3435,5.4598210672,0.0114674717,1.0038372791,100.000000,0.54628571,-0.0039045609,0.0769707346
3437,5.4601477758,0.0118416043,1.0038385388,100.000000,0.54628571,-0.0039070107,0.0769694670
3439,5.4605817705,0.0121410266,1.0038397845,100.000000,0.54628571,-0.0039094489,0.0769681716
3441,5.4611055083,0.0123704981,1.0038410155,100.000000,0.54628571,-0.0039118754,0.0769668359
3443,5.4617043893,0.0125346442,1.0038422316,100.000000,0.54628571,-0.0039142901,0.0769654492
3445,5.4623673970,0.0126377698,1.0038434322,100.000000,0.54628571,-0.0039166930,0.0769640025
3447,5.4630875586,0.0126837073,1.0038446168,100.000000,0.54628571,-0.0039190841,0.0769624883
3449,5.4638622014,0.0126756977,1.0038457850,100.000000,0.54628571,-0.0039214633,0.0769609007
3451,5.4646929889,0.0126163028,1.0038469364,100.000000,0.54628571,-0.0039238309,0.0769592356
3453,5.4655857337,0.0125073423,1.0038480707,100.000000,0.54628571,-0.0039261868,0.0769574900
3455,5.4665499891,0.0123498546,1.0038491878,100.000000,0.54628571,-0.0039285315,0.0769556620
3457,5.4675984348,0.0121440764,1.0038502873,100.000000,0.54628571,-0.0039308651,0.0769537509
3459,5.4687460810,0.0118894414,1.0038513695,100.000000,0.54628571,-0.0039331881,0.0769517567
3461,5.4700093221,0.0115845991,1.0038524343,100.000000,0.54628571,-0.0039355011,0.0769496803
3463,5.4714048812,0.0112274586,1.0038534822,100.000000,0.54628571,-0.0039378046,0.0769475230
3465,5.4729486915,0.0108152615,1.0038545135,100.000000,0.54628571,-0.0039400992,0.0769452869
3467,5.4746547630,0.0103446918,1.0038555289,100.000000,0.54628571,-0.0039423858,0.0769429745
3469,5.4765340894,0.0098120283,1.0038565290,100.000000,0.54628571,-0.0039446651,0.0769405893
3471,5.4785936442,0.0092133451,1.0038575149,100.000000,0.54628571,-0.0039469381,0.0769381352
3473,5.4808355173,0.0085447605,1.0038584875,100.000000,0.54628571,-0.0039492054,0.0769356172
3475,5.4832562352,0.0078027327,1.0038594480,100.000000,0.54628571,-0.0039514680,0.0769330411
3477,5.4858463025,0.0069843951,1.0038603978,100.000000,0.54628571,-0.0039537266,0.0769304140
3479,5.4885899930,0.0060879171,1.0038613381,100.000000,0.54628571,-0.0039559818,0.0769277439
3481,5.4914654068,0.0051128733,1.0038622707,100.000000,0.54628571,-0.0039582343,0.0769250401
3483,5.4944448008,0.0040605997,1.0038631969,100.000000,0.54628571,-0.0039604843,0.0769223129
3485,5.4974951845,0.0029345107,1.0038641186,100.000000,0.54628571,-0.0039627322,0.0769195735
3487,5.5005791634,0.0017403538,1.0038650373,100.000000,0.54628571,-0.0039649780,0.0769168341
3489,5.5036559975,0.0004863757,1.0038659548,100.000000,0.54628571,-0.0039672219,0.0769141076
3491,5.5066828361,-0.0008166183,1.0038668729,100.000000,0.54628571,-0.0039694637,0.0769115184
3493,5.5096160758,-0.0021553274,1.0038677933,100.000000,0.54628571,-0.0039717032,0.0769089607
3495,5.5124127863,-0.0035141478,1.0038687176,100.000000,0.54628571,-0.0039739403,0.0769064455
3497,5.5150321418,-0.0048754912,1.0038696476,100.000000,0.54628571,-0.0039761746,0.0769039828
3499,5.5174367949,-0.0062202206,1.0038705848,100.000000,0.54628571,-0.0039784060,0.0769015818
3501,5.5195941322,-0.0075281811,1.0038715308,100.000000,0.54628571,-0.0039806344,0.0768992500
3503,5.5214773546,-0.0087788001,1.0038724869,100.000000,0.54628571,-0.0039828595,0.0768969939
3505,5.5230663339,-0.0099517221,1.0038734546,100.000000,0.54628571,-0.0039850814,0.0768948183
3507,5.5243482074,-0.0110274430,1.0038744349,100.000000,0.54628571,-0.0039873002,0.0768927269
3509,5.5253176837,-0.0119879067,1.0038754289,100.000000,0.54628571,-0.0039895160,0.0768907223
3511,5.5259770506,-0.0128170321,1.0038764375,100.000000,0.54628571,-0.0039917288,0.0768888063
3513,5.5263358863,-0.0135011421,1.0038774615,100.000000,0.54628571,-0.0039939390,0.0768869803
3515,5.5264104933,-0.0140292767,1.0038785014,100.000000,0.54628571,-0.0039961468,0.0768852459
3517,5.5262230875,-0.0143933805,1.0038795577,100.000000,0.54628571,-0.0039983521,0.0768836047
3519,5.5258007854,-0.0145883649,1.0038806306,100.000000,0.54628571,-0.0040005552,0.0768820595
3521,5.5251744420,-0.0146120564,1.0038817202,100.000000,0.54628571,-0.0040027559,0.0768806137
3523,5.5243773980,-0.0144650465,1.0038828265,100.000000,0.54628571,-0.0040049541,0.0768792721
3525,5.5234441946,-0.0141504690,1.0038839494,100.000000,0.54628571,-0.0040071495,0.0768780405
3527,5.5224093146,-0.0136737277,1.0038850887,100.000000,0.54628571,-0.0040093418,0.0768769259
3529,5.5213060013,-0.0130422027,1.0038862440,100.000000,0.54628571,-0.0040115304,0.0768759362
3531,5.5201652002,-0.0122649565,1.0038874149,100.000000,0.54628571,-0.0040137147,0.0768750795
3533,5.5190146574,-0.0113524601,1.0038886012,100.000000,0.54628571,-0.0040158940,0.0768743642
3535,5.5178781982,-0.0103163503,1.0038898025,100.000000,0.54628571,-0.0040180676,0.0768737980
3537,5.5167751987,-0.0091692266,1.0038910183,100.000000,0.54628571,-0.0040202349,0.0768733877
3539,5.5157202525,-0.0079244858,1.0038922484,100.000000,0.54628571,-0.0040223950,0.0768731384
3541,5.5147230260,-0.0065961923,1.0038934926,100.000000,0.54628571,-0.0040245473,0.0768730532
3543,5.5137882878,-0.0051989727,1.0038947507,100.000000,0.54628571,-0.0040266914,0.0768731664
3545,5.5129160943,-0.0037479259,1.0038960227,100.000000,0.54628571,-0.0040288267,0.0768735048
3547,5.5121021083,-0.0022585353,1.0038973086,100.000000,0.54628571,-0.0040309529,0.0768740004
3549,5.5113380281,-0.0007465734,1.0038986085,100.000000,0.54628571,-0.0040330699,0.0768746434
3551,5.5106121022,0.0007720117,1.0038999226,100.000000,0.54628571,-0.0040351774,0.0768754204
3553,5.5099097074,0.0022812326,1.0039012510,100.000000,0.54628571,-0.0040372755,0.0768763144
3555,5.5092139698,0.0037652253,1.0039025941,100.000000,0.54628571,-0.0040393643,0.0768773056
3557,5.5085064077,0.0052084360,1.0039039521,100.000000,0.54628571,-0.0040414438,0.0768783707
3559,5.5077675812,0.0065958280,1.0039053250,100.000000,0.54628571,-0.0040435144,0.0768794840
3561,5.5069777310,0.0079130999,1.0039067131,100.000000,0.54628571,-0.0040455762,0.0768806172
3563,5.5061173935,0.0091469051,1.0039081164,100.000000,0.54628571,-0.0040476295,0.0768817404
3565,5.5051679805,0.0102850604,1.0039095346,100.000000,0.54628571,-0.0040496744,0.0768828226
3567,5.5041123110,0.0113167323,1.0039109675,100.000000,0.54628571,-0.0040517112,0.0768838321
3569,5.5029350888,0.0122325892,1.0039124147,100.000000,0.54628571,-0.0040537398,0.0768847377
3571,5.5016233158,0.0130249116,1.0039138754,100.000000,0.54628571,-0.0040557604,0.0768855090
3573,5.5001666388,0.0136876543,1.0039153487,100.000000,0.54628571,-0.0040577729,0.0768861181
3575,5.4985576249,0.0142164583,1.0039168335,100.000000,0.54628571,-0.0040597771,0.0768865397
3577,5.4967919651,0.0146086158,1.0039183287,100.000000,0.54628571,-0.0040617729,0.0768867525
3579,5.4948686087,0.0148629937,1.0039198327,100.000000,0.54628571,-0.0040637600,0.0768867397
3581,5.4927898290,0.0149799255,1.0039213440,100.000000,0.54628571,-0.0040657379,0.0768864900
3583,5.4905612260,0.0149610831,1.0039228610,100.000000,0.54628571,-0.0040677063,0.0768859978
3585,5.4881916695,0.0148093423,1.0039243817,100.000000,0.54628571,-0.0040696649,0.0768852640
3587,5.4856931859,0.0145286524,1.0039259045,100.000000,0.54628571,-0.0040716131,0.0768842956
3589,5.4830807925,0.0141239216,1.0039274276,100.000000,0.54628571,-0.0040735505,0.0768831058
3591,5.4803722801,0.0136009241,1.0039289492,100.000000,0.54628571,-0.0040754767,0.0768817135
3593,5.4775879451,0.0129662315,1.0039304676,100.000000,0.54628571,-0.0040773915,0.0768801424
3595,5.4747502687,0.0122271680,1.0039319814,100.000000,0.54628571,-0.0040792945,0.0768784204
3597,5.4718835443,0.0113917821,1.0039334890,100.000000,0.54628571,-0.0040811856,0.0768765783
3599,5.4690134510,0.0104688275,1.0039349891,100.000000,0.54628571,-0.0040830645,0.0768746484
3601,5.4661665741,0.0094677406,1.0039364808,100.000000,0.54628571,-0.0040849314,0.0768726634
3603,5.4633698774,0.0083986055,1.0039379629,100.000000,0.54628571,-0.0040867863,0.0768706550
3605,5.4606501327,0.0072720930,1.0039394348,100.000000,0.54628571,-0.0040886294,0.0768686527
3607,5.4580333189,0.0060993680,1.0039408958,100.000000,0.54628571,-0.0040904607,0.0768666827
3609,5.4555440054,0.0048919590,1.0039423455,100.000000,0.54628571,-0.0040922807,0.0768647671
3611,5.4532047392,0.0036615910,1.0039437835,100.000000,0.54628571,-0.0040940896,0.0768629230
3613,5.4510354598,0.0024199841,1.0039452095,100.000000,0.54628571,-0.0040958877,0.0768611626
3615,5.4490529655,0.0011786281,1.0039466235,100.000000,0.54628571,-0.0040976754,0.0768594927
3617,5.4472704602,-0.0000514553,1.0039480253,100.000000,0.54628571,-0.0040994528,0.0768579150
3619,5.4456972029,-0.0012599491,1.0039494149,100.000000,0.54628571,-0.0041012203,0.0768564266
3621,5.4443382866,-0.0024374601,1.0039507923,100.000000,0.54628571,-0.0041029780,0.0768550669
3623,5.4431945625,-0.0035757054,1.0039521574,100.000000,0.54628571,-0.0041047260,0.0768538382
3625,5.4422627241,-0.0046676547,1.0039535102,100.000000,0.54628571,-0.0041064645,0.0768526647
3627,5.4415355557,-0.0057076178,1.0039548505,100.000000,0.54628571,-0.0041081934,0.0768515304
3629,5.4410023419,-0.0066912725,1.0039561784,100.000000,0.54628571,-0.0041099127,0.0768504185
3631,5.4406494269,-0.0076156318,1.0039574936,100.000000,0.54628571,-0.0041116223,0.0768493118
3633,5.4404609024,-0.0084789537,1.0039587958,100.000000,0.54628571,-0.0041133220,0.0768481938
3635,5.4404193958,-0.0092806018,1.0039600849,100.000000,0.54628571,-0.0041150118,0.0768470493
3637,5.4405069228,-0.0100208664,1.0039613605,100.000000,0.54628571,-0.0041166916,0.0768458644
3639,5.4407057655,-0.0107007591,1.0039626222,100.000000,0.54628571,-0.0041183611,0.0768446273
3641,5.4409993308,-0.0113217933,1.0039638696,100.000000,0.54628571,-0.0041200202,0.0768433284
3643,5.4413729494,-0.0118857644,1.0039651024,100.000000,0.54628571,-0.0041216690,0.0768419604
3645,5.4418145707,-0.0123945395,1.0039663201,100.000000,0.54628571,-0.0041233073,0.0768405180
3647,5.4423153216,-0.0128498666,1.0039675223,100.000000,0.54628571,-0.0041249351,0.0768389982
3649,5.4428698952,-0.0132532101,1.0039687088,100.000000,0.54628571,-0.0041265526,0.0768373996
3651,5.4434767522,-0.0136056154,1.0039698790,100.000000,0.54628571,-0.0041281598,0.0768357226
3653,5.4441381198,-0.0139076055,1.0039710329,100.000000,0.54628571,-0.0041297570,0.0768339687
3655,5.4448597885,-0.0141591077,1.0039721703,100.000000,0.54628571,-0.0041313444,0.0768321405
3657,5.4456507126,-0.0143594101,1.0039732910,100.000000,0.54628571,-0.0041329223,0.0768302409
3659,5.4465224340,-0.0145071447,1.0039743951,100.000000,0.54628571,-0.0041344912,0.0768282735
3661,5.4474883517,-0.0146002948,1.0039754828,100.000000,0.54628571,-0.0041360514,0.0768262417
3663,5.4485628732,-0.0146362258,1.0039765543,100.000000,0.54628571,-0.0041376036,0.0768241490
3665,5.4497604832,-0.0146117379,1.0039776100,100.000000,0.54628571,-0.0041391482,0.0768219983
3667,5.4510947727,-0.0145231429,1.0039786504,100.000000,0.54628571,-0.0041406861,0.0768197927
3669,5.4525774719,-0.0143663646,1.0039796762,100.000000,0.54628571,-0.0041422179,0.0768175349
3671,5.4542175312,-0.0141370676,1.0039806881,100.000000,0.54628571,-0.0041437442,0.0768152274
3673,5.4560202932,-0.0138308149,1.0039816870,100.000000,0.54628571,-0.0041452660,0.0768128731
3675,5.4579867932,-0.0134432564,1.0039826739,100.000000,0.54628571,-0.0041467838,0.0768104749
3677,5.4601132243,-0.0129703484,1.0039836498,100.000000,0.54628571,-0.0041482985,0.0768080365
3679,5.4623905952,-0.0124086007,1.0039846159,100.000000,0.54628571,-0.0041498108,0.0768055623
3681,5.4648045993,-0.0117553460,1.0039855735,100.000000,0.54628571,-0.0041513212,0.0768030579
3683,5.4673357098,-0.0110090223,1.0039865239,100.000000,0.54628571,-0.0041528304,0.0768005299
3685,5.4699595022,-0.0101694567,1.0039874684,100.000000,0.54628571,-0.0041543387,0.0767980853
3687,5.4726471969,-0.0092381339,1.0039884085,100.000000,0.54628571,-0.0041558465,0.0767956353
3689,5.4753664062,-0.0082184342,1.0039893455,100.000000,0.54628571,-0.0041573540,0.0767931886
3691,5.4780820582,-0.0071158220,1.0039902809,100.000000,0.54628571,-0.0041588614,0.0767907556
3693,5.4807574635,-0.0059379680,1.0039912162,100.000000,0.54628571,-0.0041603687,0.0767883472
3695,5.4833554800,-0.0046947906,1.0039921529,100.000000,0.54628571,-0.0041618757,0.0767859747
3697,5.4858397295,-0.0033984041,1.0039930924,100.000000,0.54628571,-0.0041633824,0.0767836490
3699,5.4881758115,-0.0020629691,1.0039940360,100.000000,0.54628571,-0.0041648885,0.0767813808
3701,5.4903324614,-0.0007044437,1.0039949853,100.000000,0.54628571,-0.0041663940,0.0767791794
3703,5.4922825993,0.0006597569,1.0039959414,100.000000,0.54628571,-0.0041678985,0.0767770530
3705,5.4940042223,0.0020111800,1.0039969056,100.000000,0.54628571,-0.0041694019,0.0767750081
3707,5.4954810964,0.0033308148,1.0039978791,100.000000,0.54628571,-0.0041709041,0.0767730496
3709,5.4967032174,0.0045996066,1.0039988629,100.000000,0.54628571,-0.0041724050,0.0767711806
3711,5.4976670173,0.0057989813,1.0039998581,100.000000,0.54628571,-0.0041739045,0.0767694023
3713,5.4983753099,0.0069113494,1.0040008655,100.000000,0.54628571,-0.0041754027,0.0767677148
3715,5.4988369779,0.0079205656,1.0040018858,100.000000,0.54628571,-0.0041768996,0.0767661169
3717,5.4990664216,0.0088123195,1.0040029196,100.000000,0.54628571,-0.0041783953,0.0767646068
3719,5.4990827982,0.0095744408,1.0040039675,100.000000,0.54628571,-0.0041798898,0.0767631825
3721,5.4989090931,0.0101971089,1.0040050297,100.000000,0.54628571,-0.0041813832,0.0767618422
3723,5.4985710708,0.0106729627,1.0040061066,100.000000,0.54628571,-0.0041828754,0.0767605848
3725,5.4980961593,0.0109971165,1.0040071983,100.000000,0.54628571,-0.0041843664,0.0767594102
3727,5.4975123224,0.0111670919,1.0040083049,100.000000,0.54628571,-0.0041858559,0.0767583195
3729,5.4968469714,0.0111826814,1.0040094263,100.000000,0.54628571,-0.0041873438,0.0767573153
3731,5.4961259651,0.0110457637,1.0040105624,100.000000,0.54628571,-0.0041888297,0.0767564015
3733,5.4953727365,0.0107600899,1.0040117130,100.000000,0.54628571,-0.0041903132,0.0767555831
3735,5.4946075780,0.0103310601,1.0040128780,100.000000,0.54628571,-0.0041917938,0.0767548663
3737,5.4938471031,0.0097655058,1.0040140572,100.000000,0.54628571,-0.0041932710,0.0767542576
3739,5.4931038958,0.0090714922,1.0040152503,100.000000,0.54628571,-0.0041947442,0.0767537635
3741,5.4923863450,0.0082581453,1.0040164573,100.000000,0.54628571,-0.0041962128,0.0767533903
3743,5.4916986547,0.0073355098,1.0040176780,100.000000,0.54628571,-0.0041976763,0.0767531429
3745,5.4910410125,0.0063144325,1.0040189123,100.000000,0.54628571,-0.0041991341,0.0767530249
3747,5.4904098931,0.0052064688,1.0040201603,100.000000,0.54628571,-0.0042005859,0.0767530377
3749,5.4897984717,0.0040238027,1.0040214218,100.000000,0.54628571,-0.0042020312,0.0767531803
3751,5.4891971184,0.0027791714,1.0040226971,100.000000,0.54628571,-0.0042034698,0.0767534487
3753,5.4885939474,0.0014857865,1.0040239862,100.000000,0.54628571,-0.0042049014,0.0767538360
3755,5.4879753943,0.0001572416,1.0040252893,100.000000,0.54628571,-0.0042063260,0.0767543479
3757,5.4873267997,-0.0011925971,1.0040266064,100.000000,0.54628571,-0.0042077434,0.0767550409
3759,5.4866329774,-0.0025497223,1.0040279378,100.000000,0.54628571,-0.0042091538,0.0767558120
3761,5.4858787539,-0.0039001381,1.0040292835,100.000000,0.54628571,-0.0042105571,0.0767566411
3763,5.4850494633,-0.0052300315,1.0040306436,100.000000,0.54628571,-0.0042119535,0.0767575054
3765,5.4841313921,-0.0065259566,1.0040320179,100.000000,0.54628571,-0.0042133432,0.0767583801
3767,5.4831121646,-0.0077750243,1.0040334063,100.000000,0.54628571,-0.0042147262,0.0767592386
3769,5.4819810687,-0.0089650884,1.0040348085,100.000000,0.54628571,-0.0042161027,0.0767600535
3771,5.4807293191,-0.0100849181,1.0040362240,100.000000,0.54628571,-0.0042174727,0.0767607975
3773,5.4793502609,-0.0111243482,1.0040376522,100.000000,0.54628571,-0.0042188362,0.0767614436
3775,5.4778395143,-0.0120743995,1.0040390923,100.000000,0.54628571,-0.0042201933,0.0767619665
3777,5.4761950677,-0.0129273637,1.0040405434,100.000000,0.54628571,-0.0042215438,0.0767623432
3779,5.4744173207,-0.0136768505,1.0040420044,100.000000,0.54628571,-0.0042228875,0.0767625542
3781,5.4725090854,-0.0143177968,1.0040434740,100.000000,0.54628571,-0.0042242242,0.0767625836
3783,5.4704755499,-0.0148464423,1.0040449509,100.000000,0.54628571,-0.0042255538,0.0767624204
3785,5.4683242094,-0.0152602766,1.0040464338,100.000000,0.54628571,-0.0042268758,0.0767620585
3787,5.4660647700,-0.0155579669,1.0040479210,100.000000,0.54628571,-0.0042281899,0.0767614976
3789,5.4637090273,-0.0157392745,1.0040494110,100.000000,0.54628571,-0.0042294957,0.0767607425
3791,5.4612707207,-0.0158049699,1.0040509025,100.000000,0.54628571,-0.0042307930,0.0767598035
3793,5.4587653648,-0.0157567543,1.0040523937,100.000000,0.54628571,-0.0042320813,0.0767586961
3795,5.4562100542,-0.0155971927,1.0040538833,100.000000,0.54628571,-0.0042333603,0.0767574395
3797,5.4536232400,-0.0153296635,1.0040553700,100.000000,0.54628571,-0.0042346298,0.0767560570
3799,5.4510244740,-0.0149583225,1.0040568524,100.000000,0.54628571,-0.0042358896,0.0767545738
3801,5.4484341177,-0.0144880802,1.0040583295,100.000000,0.54628571,-0.0042371394,0.0767530166
3803,5.4458730146,-0.0139245861,1.0040598001,100.000000,0.54628571,-0.0042383792,0.0767514124
3805,5.4433621253,-0.0132742120,1.0040612635,100.000000,0.54628571,-0.0042396090,0.0767497869
3807,5.4409221301,-0.0125440268,1.0040627188,100.000000,0.54628571,-0.0042408288,0.0767481638
3809,5.4385730043,-0.0117417543,1.0040641654,100.000000,0.54628571,-0.0042420388,0.0767465640
3811,5.4363335793,-0.0108757069,1.0040656028,100.000000,0.54628571,-0.0042432390,0.0767450044
3813,5.4342211013,-0.0099546906,1.0040670305,100.000000,0.54628571,-0.0042444298,0.0767434976
3815,5.4322508067,-0.0089878808,1.0040684482,100.000000,0.54628571,-0.0042456112,0.0767420519
3817,5.4304355343,-0.0079846686,1.0040698555,100.000000,0.54628571,-0.0042467836,0.0767406707
3819,5.4287853930,-0.0069544855,1.0040712523,100.000000,0.54628571,-0.0042479471,0.0767393534
3821,5.4273075081,-0.0059066127,1.0040726383,100.000000,0.54628571,-0.0042491020,0.0767380951
3823,5.4260058624,-0.0048499864,1.0040740133,100.000000,0.54628571,-0.0042502484,0.0767368876
3825,5.4248812484,-0.0037930112,1.0040753771,100.000000,0.54628571,-0.0042513864,0.0767357201
3827,5.4239313411,-0.0027433933,1.0040767294,100.000000,0.54628571,-0.0042525161,0.0767345798
3829,5.4231508960,-0.0017080047,1.0040780701,100.000000,0.54628571,-0.0042536376,0.0767334528
3831,5.4225320696,-0.0006927875,1.0040793987,100.000000,0.54628571,-0.0042547507,0.0767323249
3833,5.4220648532,0.0002972956,1.0040807151,100.000000,0.54628571,-0.0042558555,0.0767311820
3835,5.4217376030,0.0012582617,1.0040820189,100.000000,0.54628571,-0.0042569518,0.0767300112
3837,5.4215376448,0.0021870610,1.0040833097,100.000000,0.54628571,-0.0042580396,0.0767288011
3839,5.4214519242,0.0030814850,1.0040845872,100.000000,0.54628571,-0.0042591187,0.0767275420
3841,5.4214676726,0.0039400393,1.0040858509,100.000000,0.54628571,-0.0042601890,0.0767262351
3843,5.4215730539,0.0047617882,1.0040871005,100.000000,0.54628571,-0.0042612504,0.0767249081
3845,5.4217577592,0.0055461825,1.0040883356,100.000000,0.54628571,-0.0042623030,0.0767235085
3847,5.4220135191,0.0062928813,1.0040895559,100.000000,0.54628571,-0.0042633466,0.0767220347
3849,5.4223345044,0.0070015773,1.0040907610,100.000000,0.54628571,-0.0042643814,0.0767204865
3851,5.4227175937,0.0076718345,1.0040919507,100.000000,0.54628571,-0.0042654075,0.0767188655
3853,5.4231624938,0.0083029467,1.0040931249,100.000000,0.54628571,-0.0042664250,0.0767171745
3855,5.4236717022,0.0088938194,1.0040942834,100.000000,0.54628571,-0.0042674342,0.0767154173
3857,5.4242503146,0.0094428816,1.0040954262,100.000000,0.54628571,-0.0042684354,0.0767135981
3859,5.4249056827,0.0099480249,1.0040965534,100.000000,0.54628571,-0.0042694290,0.0767117214
3861,5.4256469390,0.0104065736,1.0040976651,100.000000,0.54628571,-0.0042704154,0.0767097916
3863,5.4264844086,0.0108152814,1.0040987617,100.000000,0.54628571,-0.0042713951,0.0767078128
3865,5.4274289360,0.0111703550,1.0040998434,100.000000,0.54628571,-0.0042723686,0.0767057887
3867,5.4284911564,0.0114675021,1.0041009108,100.000000,0.54628571,-0.0042733365,0.0767037225
3869,5.4296807445,0.0117020021,1.0041019644,100.000000,0.54628571,-0.0042742995,0.0767016296
3871,5.4310056764,0.0118687990,1.0041030049,100.000000,0.54628571,-0.0042752580,0.0766995483
3873,5.4324715359,0.0119626158,1.0041040331,100.000000,0.54628571,-0.0042762128,0.0766974379
3875,5.4340808999,0.0119780895,1.0041050497,100.000000,0.54628571,-0.0042771645,0.0766952996
3877,5.4358328297,0.0119099284,1.0041060557,100.000000,0.54628571,-0.0042781138,0.0766931347
3879,5.4377224942,0.0117530884,1.0041070520,100.000000,0.54628571,-0.0042790612,0.0766909446
3881,5.4397409450,0.0115029702,1.0041080397,100.000000,0.54628571,-0.0042800074,0.0766887314
3883,5.4418750569,0.0111556316,1.0041090198,100.000000,0.54628571,-0.0042809528,0.0766864980
3885,5.4441076419,0.0107080121,1.0041099934,100.000000,0.54628571,-0.0042818980,0.0766842483
3887,5.4464177365,0.0101581628,1.0041109617,100.000000,0.54628571,-0.0042828433,0.0766819874
3889,5.4487810571,0.0095054722,1.0041119258,100.000000,0.54628571,-0.0042837890,0.0766797215
3891,5.4511706079,0.0087508784,1.0041128869,100.000000,0.54628571,-0.0042847355,0.0766774580
3893,5.4535574215,0.0078970544,1.0041138463,100.000000,0.54628571,-0.0042856828,0.0766752051
3895,5.4559114051,0.0069485553,1.0041148050,100.000000,0.54628571,-0.0042866310,0.0766729720
3897,5.4582022589,0.0059119139,1.0041157644,100.000000,0.54628571,-0.0042875802,0.0766707683
3899,5.4604004294,0.0047956742,1.0041167255,100.000000,0.54628571,-0.0042885302,0.0766686036
3901,5.4624780588,0.0036103542,1.0041176896,100.000000,0.54628571,-0.0042894809,0.0766664874
3903,5.4644098875,0.0023683317,1.0041186579,100.000000,0.54628571,-0.0042904323,0.0766644285
3905,5.4661740707,0.0010836541,1.0041196313,100.000000,0.54628571,-0.0042913841,0.0766624348
3907,5.4677528707,-0.0002282261,1.0041206111,100.000000,0.54628571,-0.0042923362,0.0766605129
3909,5.4691331934,-0.0015507806,1.0041215982,100.000000,0.54628571,-0.0042932884,0.0766586681
3911,5.4703069413,-0.0028667856,1.0041225935,100.000000,0.54628571,-0.0042942405,0.0766569040
3913,5.4712711673,-0.0041587376,1.0041235980,100.000000,0.54628571,-0.0042951925,0.0766552228
3915,5.4720280215,-0.0054092828,1.0041246124,100.000000,0.54628571,-0.0042961443,0.0766536255
3917,5.4725844923,-0.0066016406,1.0041256375,100.000000,0.54628571,-0.0042970959,0.0766521115
3919,5.4729519563,-0.0077199997,1.0041266739,100.000000,0.54628571,-0.0042980472,0.0766506799
3921,5.4731455594,-0.0087498681,1.0041277221,100.000000,0.54628571,-0.0042989982,0.0766493289
3923,5.4731834603,-0.0096783623,1.0041287828,100.000000,0.54628571,-0.0042999489,0.0766480569
3925,5.4730859747,-0.0104944243,1.0041298561,100.000000,0.54628571,-0.0043008994,0.0766468624
3927,5.4728746636,-0.0111889635,1.0041309424,100.000000,0.54628571,-0.0043018495,0.0766457446
3929,5.4725714082,-0.0117549213,1.0041320420,100.000000,0.54628571,-0.0043027992,0.0766447033
3931,5.4721975169,-0.0121872679,1.0041331550,100.000000,0.54628571,-0.0043037485,0.0766437397
3933,5.4717729033,-0.0124829377,1.0041342814,100.000000,0.54628571,-0.0043046969,0.0766428559
3935,5.4713153694,-0.0126407206,1.0041354215,100.000000,0.54628571,-0.0043056445,0.0766420549
3937,5.4708400224,-0.0126611206,1.0041365751,100.000000,0.54628571,-0.0043065908,0.0766413407
3939,5.4703588418,-0.0125461996,1.0041377423,100.000000,0.54628571,-0.0043075354,0.0766407178
3941,5.4698804077,-0.0122994170,1.0041389230,100.000000,0.54628571,-0.0043084781,0.0766401911
3943,5.4694097894,-0.0119254786,1.0041401174,100.000000,0.54628571,-0.0043094183,0.0766397651
3945,5.4689485886,-0.0114302006,1.0041413252,100.000000,0.54628571,-0.0043103557,0.0766394438
3947,5.4684951213,-0.0108203931,1.0041425467,100.000000,0.54628571,-0.0043112899,0.0766392300
3949,5.4680447182,-0.0101037632,1.0041437817,100.000000,0.54628571,-0.0043122204,0.0766391253
3951,5.4675901224,-0.0092888357,1.0041450304,100.000000,0.54628571,-0.0043131469,0.0766391290
3953,5.4671219562,-0.0083848843,1.0041462927,100.000000,0.54628571,-0.0043140690,0.0766392387
3955,5.4666292329,-0.0074018686,1.0041475688,100.000000,0.54628571,-0.0043149865,0.0766394491
3957,5.4660998885,-0.0063503691,1.0041488586,100.000000,0.54628571,-0.0043158993,0.0766397526
3959,5.4655213109,-0.0052415133,1.0041501624,100.000000,0.54628571,-0.0043168070,0.0766401388
3961,5.4648808466,-0.0040868873,1.0041514799,100.000000,0.54628571,-0.0043177097,0.0766405949
3963,5.4641662701,-0.0028984314,1.0041528113,100.000000,0.54628571,-0.0043186073,0.0766411054
3965,5.4633662030,-0.0016883164,1.0041541563,100.000000,0.54628571,-0.0043194998,0.0766416530
3967,5.4624704745,-0.0004688033,1.0041555149,100.000000,0.54628571,-0.0043203870,0.0766422180
3969,5.4614704185,0.0007479100,1.0041568868,100.000000,0.54628571,-0.0043212692,0.0766427800
3971,5.4603591060,0.0019498505,1.0041582716,100.000000,0.54628571,-0.0043221462,0.0766433172
3973,5.4591315127,0.0031254319,1.0041596688,100.000000,0.54628571,-0.0043230181,0.0766438079
3975,5.4577846254,0.0042636115,1.0041610777,100.000000,0.54628571,-0.0043238849,0.0766442305
3977,5.4563174927,0.0053540322,1.0041624978,100.000000,0.54628571,-0.0043247463,0.0766445648
3979,5.4547312248,0.0063871452,1.0041639281,100.000000,0.54628571,-0.0043256025,0.0766447920
3981,5.4530289511,0.0073543078,1.0041653676,100.000000,0.54628571,-0.0043264532,0.0766448962
3983,5.4512157407,0.0082478526,1.0041668153,100.000000,0.54628571,-0.0043272982,0.0766448641
3985,5.4492984946,0.0090611285,1.0041682700,100.000000,0.54628571,-0.0043281374,0.0766446862
3987,5.4472858157,0.0097885143,1.0041697306,100.000000,0.54628571,-0.0043289705,0.0766443568
3989,5.4451878619,0.0104254083,1.0041711957,100.000000,0.54628571,-0.0043297972,0.0766438747
3991,5.4430161871,0.0109682003,1.0041726641,100.000000,0.54628571,-0.0043306173,0.0766432427
3993,5.4407835731,0.0114142301,1.0041741344,100.000000,0.54628571,-0.0043314304,0.0766424681
3995,5.4385038540,0.0117617415,1.0041756055,100.000000,0.54628571,-0.0043322364,0.0766415618
3997,5.4361917332,0.0120098355,1.0041770761,100.000000,0.54628571,-0.0043330349,0.0766405383
3999,5.4338625922,0.0121584298,1.0041785449,100.000000,0.54628571,-0.0043338258,0.0766394151
4001,5.4315322888,0.0122082255,1.0041800110,100.000000,0.54628571,-0.0043346088,0.0766382113
4003,5.4292169435,0.0121606834,1.0041814734,100.000000,0.54628571,-0.0043353837,0.0766369476
4005,5.4269327125,0.0120180080,1.0041829311,100.000000,0.54628571,-0.0043361505,0.0766356447
4007,5.4246955459,0.0117831362,1.0041843832,100.000000,0.54628571,-0.0043369092,0.0766343225
4009,5.4225209333,0.0114597255,1.0041858292,100.000000,0.54628571,-0.0043376596,0.0766329996
4011,5.4204236394,0.0110521361,1.0041872683,100.000000,0.54628571,-0.0043384018,0.0766316922
4013,5.4184174349,0.0105654012,1.0041887000,100.000000,0.54628571,-0.0043391360,0.0766304133
4015,5.4165148315,0.0100051791,1.0041901239,100.000000,0.54628571,-0.0043398621,0.0766291728
4017,5.4147268302,0.0093776851,1.0041915394,100.000000,0.54628571,-0.0043405803,0.0766279768
4019,5.4130626945,0.0086895991,1.0041929462,100.000000,0.54628571,-0.0043412907,0.0766268275
4021,5.4115297614,0.0079479511,1.0041943440,100.000000,0.54628571,-0.0043419935,0.0766257237
4023,5.4101333026,0.0071599878,1.0041957323,100.000000,0.54628571,-0.0043426888,0.0766246607
4025,5.4088764465,0.0063330240,1.0041971109,100.000000,0.54628571,-0.0043433767,0.0766236310
4027,5.4077601708,0.0054742886,1.0041984795,100.000000,0.54628571,-0.0043440572,0.0766226248
4029,5.4067833734,0.0045907732,1.0041998376,100.000000,0.54628571,-0.0043447305,0.0766216307
4031,5.4059430210,0.0036890921,1.0042011850,100.000000,0.54628571,-0.0043453964,0.0766206363
4033,5.4052343775,0.0027753635,1.0042025211,100.000000,0.54628571,-0.0043460550,0.0766196288
4035,5.4046513034,0.0018551202,1.0042038457,100.000000,0.54628571,-0.0043467062,0.0766185958
4037,5.4041866163,0.0009332539,1.0042051583,100.000000,0.54628571,-0.0043473500,0.0766175258
4039,5.4038324988,0.0000139983,1.0042064585,100.000000,0.54628571,-0.0043479863,0.0766164085
4041,5.4035809331,-0.0008990496,1.0042077458,100.000000,0.54628571,-0.0043486149,0.0766152355
4043,5.4034241442,-0.0018028715,1.0042090199,100.000000,0.54628571,-0.0043492358,0.0766140002
4045,5.4033550270,-0.0026949382,1.0042102804,100.000000,0.54628571,-0.0043498490,0.0766126981
4047,5.4033675372,-0.0035730947,1.0042115270,100.000000,0.54628571,-0.0043504544,0.0766113265
4049,5.4034570225,-0.0044354287,1.0042127592,100.000000,0.54628571,-0.0043510521,0.0766098848
4051,5.4036204772,-0.0052801297,1.0042139769,100.000000,0.54628571,-0.0043516421,0.0766083742
4053,5.4038567043,-0.0061053498,1.0042151799,100.000000,0.54628571,-0.0043522246,0.0766067973
4055,5.4041663740,-0.0069090709,1.0042163679,100.000000,0.54628571,-0.0043527997,0.0766051576
4057,5.4045519740,-0.0076889890,1.0042175411,100.000000,0.54628571,-0.0043533677,0.0766034598
4059,5.4050176507,-0.0084424170,1.0042186994,100.000000,0.54628571,-0.0043539290,0.0766017088
4061,5.4055689472,-0.0091662125,1.0042198429,100.000000,0.54628571,-0.0043544838,0.0765999099
4063,5.4062124482,-0.0098567323,1.0042209719,100.000000,0.54628571,-0.0043550327,0.0765980680
4065,5.4069553486,-0.0105098125,1.0042220867,100.000000,0.54628571,-0.0043555761,0.0765961878
4067,5.4078049621,-0.0111207766,1.0042231877,100.000000,0.54628571,-0.0043561145,0.0765942733
4069,5.4087681954,-0.0116844679,1.0042242753,100.000000,0.54628571,-0.0043566484,0.0765923280
4071,5.4098510083,-0.0121953060,1.0042253502,100.000000,0.54628571,-0.0043571784,0.0765903545
4073,5.4110578870,-0.0126473649,1.0042264129,100.000000,0.54628571,-0.0043577050,0.0765883548
4075,5.4123913537,-0.0130344714,1.0042274642,100.000000,0.54628571,-0.0043582289,0.0765863303
4077,5.4138515351,-0.0133503220,1.0042285048,100.000000,0.54628571,-0.0043587506,0.0765842817
4079,5.4154358118,-0.0135886166,1.0042295357,100.000000,0.54628571,-0.0043592706,0.0765822098
4081,5.4171385652,-0.0137432079,1.0042305575,100.000000,0.54628571,-0.0043597895,0.0765801152
4083,5.4189510361,-0.0138082661,1.0042315713,100.000000,0.54628571,-0.0043603079,0.0765779989
4085,5.4208613055,-0.0137784543,1.0042325780,100.000000,0.54628571,-0.0043608261,0.0765758622
4087,5.4228544013,-0.0136491154,1.0042335786,100.000000,0.54628571,-0.0043613446,0.0765737073
4089,5.4249125323,-0.0134164632,1.0042345740,100.000000,0.54628571,-0.0043618638,0.0765715372
4091,5.4270154440,-0.0130777752,1.0042355653,100.000000,0.54628571,-0.0043623841,0.0765693561
4093,5.4291408861,-0.0126315804,1.0042365534,100.000000,0.54628571,-0.0043629056,0.0765671690
4095,5.4312651773,-0.0120778329,1.0042375394,100.000000,0.54628571,-0.0043634286,0.0765649822
4097,5.4333638472,-0.0114180650,1.0042385242,100.000000,0.54628571,-0.0043639532,0.0765628029
4099,5.4354123335,-0.0106555090,1.0042395090,100.000000,0.54628571,-0.0043644795,0.0765606391
4101,5.4373867055,-0.0097951790,1.0042404946,100.000000,0.54628571,-0.0043650076,0.0765584994
4103,5.4392643880,-0.0088439058,1.0042414821,100.000000,0.54628571,-0.0043655373,0.0765563927
4105,5.4410248533,-0.0078103157,1.0042424725,100.000000,0.54628571,-0.0043660687,0.0765543278
4107,5.4426502518,-0.0067047504,1.0042434666,100.000000,0.54628571,-0.0043666015,0.0765523133
4109,5.4441259544,-0.0055391266,1.0042444654,100.000000,0.54628571,-0.0043671358,0.0765503572
4111,5.4454409796,-0.0043267356,1.0042454698,100.000000,0.54628571,-0.0043676713,0.0765484665
4113,5.4465882844,-0.0030819896,1.0042464805,100.000000,0.54628571,-0.0043682079,0.0765466476
4115,5.4475649055,-0.0018201238,1.0042474985,100.000000,0.54628571,-0.0043687456,0.0765449054
4117,5.4483719401,-0.0005568650,1.0042485243,100.000000,0.54628571,-0.0043692840,0.0765432439
4119,5.4490143671,0.0006919176,1.0042495588,100.000000,0.54628571,-0.0043698233,0.0765416659
4121,5.4495007147,0.0019105643,1.0042506025,100.000000,0.54628571,-0.0043703633,0.0765401733
4123,5.4498425890,0.0030839624,1.0042516560,100.000000,0.54628571,-0.0043709038,0.0765387670
4125,5.4500540862,0.0041978561,1.0042527199,100.000000,0.54628571,-0.0043714450,0.0765374477
4127,5.4501511158,0.0052391147,1.0042537946,100.000000,0.54628571,-0.0043719866,0.0765362154
4129,5.4501506661,0.0061959487,1.0042548806,100.000000,0.54628571,-0.0043725288,0.0765350702
4131,5.4500700492,0.0070580704,1.0042559781,100.000000,0.54628571,-0.0043730713,0.0765340122
4133,5.4499261585,0.0078167952,1.0042570876,100.000000,0.54628571,-0.0043736140,0.0765330418
4135,5.4497347750,0.0084650868,1.0042582092,100.000000,0.54628571,-0.0043741570,0.0765321596
4137,5.4495099513,0.0089975529,1.0042593432,100.000000,0.54628571,-0.0043746999,0.0765313669
4139,5.4492634996,0.0094103989,1.0042604898,100.000000,0.54628571,-0.0043752427,0.0765306651
4141,5.4490046038,0.0097013511,1.0042616492,100.000000,0.54628571,-0.0043757850,0.0765300559
4143,5.4487395657,0.0098695607,1.0042628214,100.000000,0.54628571,-0.0043763267,0.0765295410
4145,5.4484716910,0.0099154974,1.0042640067,100.000000,0.54628571,-0.0043768673,0.0765291220
4147,5.4482013130,0.0098408440,1.0042652050,100.000000,0.54628571,-0.0043774066,0.0765288001
4149,5.4479259426,0.0096483968,1.0042664166,100.000000,0.54628571,-0.0043779443,0.0765285755
4151,5.4476405317,0.0093419773,1.0042676413,100.000000,0.54628571,-0.0043784800,0.0765284477
4153,5.4473378294,0.0089263561,1.0042688795,100.000000,0.54628571,-0.0043790134,0.0765284148
4155,5.4470088086,0.0084071883,1.0042701309,100.000000,0.54628571,-0.0043795442,0.0765284734
4157,5.4466431413,0.0077909574,1.0042713958,100.000000,0.54628571,-0.0043800721,0.0765286183
4159,5.4462296965,0.0070849228,1.0042726740,100.000000,0.54628571,-0.0043805969,0.0765288425
4161,5.4457570400,0.0062970670,1.0042739657,100.000000,0.54628571,-0.0043811183,0.0765291372
4163,5.4452139152,0.0054360357,1.0042752705,100.000000,0.54628571,-0.0043816362,0.0765294917
4165,5.4445896874,0.0045110684,1.0042765886,100.000000,0.54628571,-0.0043821505,0.0765298934
4167,5.4438747383,0.0035319148,1.0042779196,100.000000,0.54628571,-0.0043826609,0.0765303283
4169,5.4430608002,0.0025087366,1.0042792634,100.000000,0.54628571,-0.0043831675,0.0765307807
4171,5.4421412226,0.0014519950,1.0042806196,100.000000,0.54628571,-0.0043836701,0.0765312342
4173,5.4411111700,0.0003723254,1.0042819878,100.000000,0.54628571,-0.0043841688,0.0765316715
4175,5.4399677483,-0.0007195968,1.0042833676,100.000000,0.54628571,-0.0043846633,0.0765320750
4177,5.4387100657,-0.0018131936,1.0042847582,100.000000,0.54628571,-0.0043851537,0.0765324275
4179,5.4373392310,-0.0028981212,1.0042861591,100.000000,0.54628571,-0.0043856399,0.0765327123
4181,5.4358582968,-0.0039643990,1.0042875695,100.000000,0.54628571,-0.0043861218,0.0765329142
4183,5.4342721566,-0.0050025267,1.0042889885,100.000000,0.54628571,-0.0043865992,0.0765330194
4185,5.4325874031,-0.0060035845,1.0042904152,100.000000,0.54628571,-0.0043870720,0.0765330165
4187,5.4308121585,-0.0069593141,1.0042918486,100.000000,0.54628571,-0.0043875400,0.0765328967
4189,5.4289558833,-0.0078621781,1.0042932877,100.000000,0.54628571,-0.0043880031,0.0765326543
4191,5.4270291743,-0.0087053994,1.0042947314,100.000000,0.54628571,-0.0043884610,0.0765322864
4193,5.4250435566,-0.0094829809,1.0042961785,100.000000,0.54628571,-0.0043889135,0.0765317938
4195,5.4230112773,-0.0101897105,1.0042976281,100.000000,0.54628571,-0.0043893604,0.0765311804
4197,5.4209451033,-0.0108211528,1.0042990790,100.000000,0.54628571,-0.0043898015,0.0765304533
4199,5.4188581286,-0.0113736353,1.0043005302,100.000000,0.54628571,-0.0043902365,0.0765296224
4201,5.4167635904,-0.0118442301,1.0043019806,100.000000,0.54628571,-0.0043906652,0.0765287001
4203,5.4146746955,-0.0122307371,1.0043034293,100.000000,0.54628571,-0.0043910875,0.0765277005
4205,5.4126044568,-0.0125316702,1.0043048755,100.000000,0.54628571,-0.0043915031,0.0765266390
4207,5.4105655376,-0.0127462475,1.0043063182,100.000000,0.54628571,-0.0043919119,0.0765255317
4209,5.4085701031,-0.0128743861,1.0043077568,100.000000,0.54628571,-0.0043923139,0.0765243942
4211,5.4066296790,-0.0129166985,1.0043091906,100.000000,0.54628571,-0.0043927088,0.0765232414
4213,5.4047550152,-0.0128744879,1.0043106188,100.000000,0.54628571,-0.0043930968,0.0765220865
4215,5.4029559567,-0.0127497386,1.0043120411,100.000000,0.54628571,-0.0043934777,0.0765209407
4217,5.4012413244,-0.0125450974,1.0043134569,100.000000,0.54628571,-0.0043938517,0.0765198127
4219,5.3996188062,-0.0122638414,1.0043148657,100.000000,0.54628571,-0.0043942186,0.0765187082
4221,5.3980948662,-0.0119098297,1.0043162671,100.000000,0.54628571,-0.0043945787,0.0765176300
4223,5.3966746742,-0.0114874366,1.0043176607,100.000000,0.54628571,-0.0043949318,0.0765165779
4225,5.3953620630,-0.0110014675,1.0043190461,100.000000,0.54628571,-0.0043952782,0.0765155489
4227,5.3941595170,-0.0104570574,1.0043204229,100.000000,0.54628571,-0.0043956178,0.0765145376
4229,5.3930681987,-0.0098595577,1.0043217907,100.000000,0.54628571,-0.0043959508,0.0765135363
4231,5.3920880148,-0.0092144158,1.0043231491,100.000000,0.54628571,-0.0043962771,0.0765125361
4233,5.3912177248,-0.0085270530,1.0043244978,100.000000,0.54628571,-0.0043965968,0.0765115268
4235,5.3904550903,-0.0078027508,1.0043258362,100.000000,0.54628571,-0.0043969099,0.0765104980
4237,5.3897970636,-0.0070465496,1.0043271640,100.000000,0.54628571,-0.0043972164,0.0765094393
4239,5.3892400085,-0.0062631686,1.0043284807,100.000000,0.54628571,-0.0043975162,0.0765083412
4241,5.3887799467,-0.0054569514,1.0043297858,100.000000,0.54628571,-0.0043978094,0.0765071950
4243,5.3884128186,-0.0046318405,1.0043310790,100.000000,0.54628571,-0.0043980958,0.0765059938
4245,5.3881347470,-0.0037913832,1.0043323598,100.000000,0.54628571,-0.0043983756,0.0765047323
4247,5.3879422911,-0.0029387663,1.0043336278,100.000000,0.54628571,-0.0043986486,0.0765034072
4249,5.3878326762,-0.0020768792,1.0043348827,100.000000,0.54628571,-0.0043989150,0.0765020168
4251,5.3878039875,-0.0012083985,1.0043361241,100.000000,0.54628571,-0.0043991747,0.0765005617
4253,5.3878553146,-0.0003358891,1.0043373518,100.000000,0.54628571,-0.0043994279,0.0764990438
4255,5.3879868376,0.0005380847,1.0043385655,100.000000,0.54628571,-0.0043996747,0.0764974668
4257,5.3881998476,0.0014108465,1.0043397652,100.000000,0.54628571,-0.0043999154,0.0764958354
4259,5.3884966963,0.0022794995,1.0043409507,100.000000,0.54628571,-0.0044001501,0.0764941550
4261,5.3888806751,0.0031408289,1.0043421222,100.000000,0.54628571,-0.0044003792,0.0764924316
4263,5.3893558258,0.0039912210,1.0043432797,100.000000,0.54628571,-0.0044006030,0.0764906715
4265,5.3899266898,0.0048266024,1.0043444234,100.000000,0.54628571,-0.0044008219,0.0764888806
4267,5.3905980053,0.0056424017,1.0043455536,100.000000,0.54628571,-0.0044010364,0.0764870643
4269,5.3913743642,0.0064335363,1.0043466707,100.000000,0.54628571,-0.0044012469,0.0764852276
4271,5.3922598457,0.0071944228,1.0043477751,100.000000,0.54628571,-0.0044014538,0.0764833743
4273,5.3932576401,0.0079190126,1.0043488673,100.000000,0.54628571,-0.0044016577,0.0764815074
4275,5.3943696823,0.0086008488,1.0043499480,100.000000,0.54628571,-0.0044018591,0.0764796291
4277,5.3955963111,0.0092331450,1.0043510178,100.000000,0.54628571,-0.0044020585,0.0764777406
4279,5.3969359707,0.0098088825,1.0043520773,100.000000,0.54628571,-0.0044022564,0.0764758421
4281,5.3983849706,0.0103209250,1.0043531274,100.000000,0.54628571,-0.0044024533,0.0764739336
4283,5.3999373153,0.0107621474,1.0043541689,100.000000,0.54628571,-0.0044026496,0.0764720145
4285,5.4015846156,0.0111255787,1.0043552025,100.000000,0.54628571,-0.0044028457,0.0764700842
4287,5.4033160891,0.0114045551,1.0043562292,100.000000,0.54628571,-0.0044030422,0.0764681421
4289,5.4051186523,0.0115928825,1.0043572498,100.000000,0.54628571,-0.0044032394,0.0764661883
4291,5.4069771073,0.0116850044,1.0043582652,100.000000,0.54628571,-0.0044034375,0.0764642232
4293,5.4088744178,0.0116761735,1.0043592762,100.000000,0.54628571,-0.0044036370,0.0764622483
4295,5.4107920689,0.0115626209,1.0043602839,100.000000,0.54628571,-0.0044038379,0.0764602660
4297,5.4127104994,0.0113417208,1.0043612890,100.000000,0.54628571,-0.0044040407,0.0764582797
4299,5.4146095938,0.0110121422,1.0043622924,100.000000,0.54628571,-0.0044042453,0.0764562940
4301,5.4164692156,0.0105739835,1.0043632951,100.000000,0.54628571,-0.0044044519,0.0764543144
4303,5.4182697639,0.0100288821,1.0043642978,100.000000,0.54628571,-0.0044046605,0.0764523473
4305,5.4199927322,0.0093800926,1.0043653015,100.000000,0.54628571,-0.0044048712,0.0764504000
4307,5.4216212454,0.0086325270,1.0043663069,100.000000,0.54628571,-0.0044050840,0.0764484800
4309,5.4231405549,0.0077927520,1.0043673149,100.000000,0.54628571,-0.0044052987,0.0764465953
4311,5.4245384672,0.0068689389,1.0043683262,100.000000,0.54628571,-0.0044055152,0.0764447537
4313,5.4258056894,0.0058707651,1.0043693416,100.000000,0.54628571,-0.0044057336,0.0764429631
4315,5.4269360708,0.0048092666,1.0043703618,100.000000,0.54628571,-0.0044059536,0.0764412305
4317,5.4279267310,0.0036966463,1.0043713876,100.000000,0.54628571,-0.0044061751,0.0764395624
4319,5.4287780629,0.0025460423,1.0043724196,100.000000,0.54628571,-0.0044063981,0.0764379646
4321,5.4294936104,0.0013712661,1.0043734585,100.000000,0.54628571,-0.0044066223,0.0764364419
4323,5.4300798217,0.0001865200,1.0043745049,100.000000,0.54628571,-0.0044068478,0.0764349982
4325,5.4305456885,-0.0009938944,1.0043755593,100.000000,0.54628571,-0.0044070744,0.0764336364
4327,5.4309022857,-0.0021558628,1.0043766223,100.000000,0.54628571,-0.0044073020,0.0764323585
4329,5.4311622316,-0.0032857309,1.0043776945,100.000000,0.54628571,-0.0044075306,0.0764311661
4331,5.4313390926,-0.0043705494,1.0043787762,100.000000,0.54628571,-0.0044077601,0.0764300598
4333,5.4314467602,-0.0053982841,1.0043798680,100.000000,0.54628571,-0.0044079905,0.0764290399
4335,5.4314988298,-0.0063579858,1.0043809702,100.000000,0.54628571,-0.0044082217,0.0764281064
4337,5.4315080078,-0.0072399146,1.0043820832,100.000000,0.54628571,-0.0044084537,0.0764272589
4339,5.4314855764,-0.0080356216,1.0043832073,100.000000,0.54628571,-0.0044086862,0.0764264970
4341,5.4314409377,-0.0087379882,1.0043843428,100.000000,0.54628571,-0.0044089193,0.0764258201
4343,5.4313812581,-0.0093412301,1.0043854900,100.000000,0.54628571,-0.0044091528,0.0764252276
4345,5.4313112251,-0.0098408720,1.0043866490,100.000000,0.54628571,-0.0044093865,0.0764247188
4347,5.4312329243,-0.0102337016,1.0043878202,100.000000,0.54628571,-0.0044096203,0.0764242925
4349,5.4311458382,-0.0105177097,1.0043890036,100.000000,0.54628571,-0.0044098539,0.0764239475
4351,5.4310469623,-0.0106920248,1.0043901994,100.000000,0.54628571,-0.0044100871,0.0764236821
4353,5.4309310262,-0.0107568477,1.0043914077,100.000000,0.54628571,-0.0044103196,0.0764234937
4355,5.4307908075,-0.0107133894,1.0043926286,100.000000,0.54628571,-0.0044105512,0.0764233793
4357,5.4306175169,-0.0105638159,1.0043938622,100.000000,0.54628571,-0.0044107816,0.0764233347
4359,5.4304012360,-0.0103111994,1.0043951084,100.000000,0.54628571,-0.0044110106,0.0764233549
4361,5.4301313848,-0.0099594744,1.0043963673,100.000000,0.54628571,-0.0044112378,0.0764234335
4363,5.4297971967,-0.0095133970,1.0043976388,100.000000,0.54628571,-0.0044114630,0.0764235632
4365,5.4293881811,-0.0089785027,1.0043989227,100.000000,0.54628571,-0.0044116861,0.0764237352
4367,5.4288945553,-0.0083610599,1.0044002190,100.000000,0.54628571,-0.0044119068,0.0764239398
4369,5.4283076288,-0.0076680161,1.0044015275,100.000000,0.54628571,-0.0044121249,0.0764241662
4371,5.4276201296,-0.0069069326,1.0044028478,100.000000,0.54628571,-0.0044123402,0.0764244025
4373,5.4268264625,-0.0060859083,1.0044041797,100.000000,0.54628571,-0.0044125527,0.0764246364
4375,5.4259228949,-0.0052134909,1.0044055227,100.000000,0.54628571,-0.0044127621,0.0764248549
4377,5.4249076692,-0.0042985764,1.0044068764,100.000000,0.54628571,-0.0044129683,0.0764250450
4379,5.4237810426,-0.0033503003,1.0044082402,100.000000,0.54628571,-0.0044131713,0.0764251938
4381,5.4225452599,-0.0023779234,1.0044096135,100.000000,0.54628571,-0.0044133709,0.0764252891
4383,5.4212044656,-0.0013907147,1.0044109957,100.000000,0.54628571,-0.0044135669,0.0764253193
4385,5.4197645647,-0.0003978382,1.0044123859,100.000000,0.54628571,-0.0044137593,0.0764252745
4387,5.4182330415,0.0005917546,1.0044137835,100.000000,0.54628571,-0.0044139478,0.0764251461
4389,5.4166187465,0.0015694215,1.0044151874,100.000000,0.54628571,-0.0044141324,0.0764249277
4391,5.4149316638,0.0025269140,1.0044165969,100.000000,0.54628571,-0.0044143128,0.0764246150
4393,5.4131826668,0.0034564465,1.0044180109,100.000000,0.54628571,-0.0044144890,0.0764242060
4395,5.4113832729,0.0043507503,1.0044194286,100.000000,0.54628571,-0.0044146606,0.0764237015
4397,5.4095454055,0.0052031138,1.0044208490,100.000000,0.54628571,-0.0044148276,0.0764231045
4399,5.4076811688,0.0060074084,1.0044222711,100.000000,0.54628571,-0.0044149898,0.0764224206
4401,5.4058026413,0.0067581051,1.0044236941,100.000000,0.54628571,-0.0044151468,0.0764216577
4403,5.4039216919,0.0074502826,1.0044251169,100.000000,0.54628571,-0.0044152987,0.0764208253
4405,5.4020498193,0.0080796311,1.0044265389,100.000000,0.54628571,-0.0044154452,0.0764199346
4407,5.4001980163,0.0086424538,1.0044279590,100.000000,0.54628571,-0.0044155862,0.0764189979
4409,5.3983766574,0.0091356679,1.0044293767,100.000000,0.54628571,-0.0044157215,0.0764180277
4411,5.3965954093,0.0095568070,1.0044307912,100.000000,0.54628571,-0.0044158510,0.0764170367
4413,5.3948631603,0.0099040245,1.0044322018,100.000000,0.54628571,-0.0044159747,0.0764160367
4415,5.3931879689,0.0101760967,1.0044336080,100.000000,0.54628571,-0.0044160924,0.0764150385
4417,5.3915770265,0.0103724245,1.0044350091,100.000000,0.54628571,-0.0044162041,0.0764140511
4419,5.3900366342,0.0104930301,1.0044364048,100.000000,0.54628571,-0.0044163099,0.0764130816
4421,5.3885721926,0.0105385474,1.0044377945,100.000000,0.54628571,-0.0044164095,0.0764121344
4423,5.3871882016,0.0105102015,1.0044391778,100.000000,0.54628571,-0.0044165032,0.0764112119
4425,5.3858882737,0.0104097766,1.0044405543,100.000000,0.54628571,-0.0044165909,0.0764103135
4427,5.3846751587,0.0102395693,1.0044419235,100.000000,0.54628571,-0.0044166725,0.0764094364
4429,5.3835507815,0.0100023285,1.0044432851,100.000000,0.54628571,-0.0044167483,0.0764085754
4431,5.3825162957,0.0097011824,1.0044446386,100.000000,0.54628571,-0.0044168181,0.0764077236
4433,5.3815721516,0.0093395544,1.0044459836,100.000000,0.54628571,-0.0044168820,0.0764068725
4435,5.3807181814,0.0089210725,1.0044473197,100.000000,0.54628571,-0.0044169400,0.0764060126
4437,5.3799537004,0.0084494773,1.0044486466,100.000000,0.54628571,-0.0044169922,0.0764051337
4439,5.3792776234,0.0079285325,1.0044499636,100.000000,0.54628571,-0.0044170385,0.0764042259
4441,5.3786885941,0.0073619446,1.0044512704,100.000000,0.54628571,-0.0044170789,0.0764032796
4443,5.3781851243,0.0067532981,1.0044525666,100.000000,0.54628571,-0.0044171134,0.0764022862
4445,5.3777657379,0.0061060073,1.0044538517,100.000000,0.54628571,-0.0044171421,0.0764012383
4447,5.3774291135,0.0054232923,1.0044551252,100.000000,0.54628571,-0.0044171649,0.0764001302
4449,5.3771742203,0.0047081773,1.0044563868,100.000000,0.54628571,-0.0044171819,0.0763989577
4451,5.3770004383,0.0039635131,1.0044576361,100.000000,0.54628571,-0.0044171930,0.0763977189
4453,5.3769076569,0.0031920222,1.0044588727,100.000000,0.54628571,-0.0044171984,0.0763964132
4455,5.3768963441,0.0023963622,1.0044600964,100.000000,0.54628571,-0.0044171982,0.0763950422
4457,5.3769675799,0.0015792044,1.0044613070,100.000000,0.54628571,-0.0044171924,0.0763936087
4459,5.3771230502,0.0007433211,1.0044625042,100.000000,0.54628571,-0.0044171812,0.0763921168
4461,5.3773649964,-0.0001083230,1.0044636881,100.000000,0.54628571,-0.0044171650,0.0763905719
4463,5.3776961209,-0.0009724825,1.0044648585,100.000000,0.54628571,-0.0044171438,0.0763889795
4465,5.3781194483,-0.0018455504,1.0044660155,100.000000,0.54628571,-0.0044171181,0.0763873460
4467,5.3786381471,-0.0027234902,1.0044671593,100.000000,0.54628571,-0.0044170882,0.0763856772
4469,5.3792553167,-0.0036017848,1.0044682902,100.000000,0.54628571,-0.0044170543,0.0763839790
4471,5.3799737481,-0.0044754043,1.0044694084,100.000000,0.54628571,-0.0044170170,0.0763822566
4473,5.3807956676,-0.0053387961,1.0044705143,100.000000,0.54628571,-0.0044169767,0.0763805142
4475,5.3817224745,-0.0061858963,1.0044716084,100.000000,0.54628571,-0.0044169337,0.0763787554
4477,5.3827544856,-0.0070101631,1.0044726912,100.000000,0.54628571,-0.0044168886,0.0763769827
4479,5.3838906982,-0.0078046321,1.0044737633,100.000000,0.54628571,-0.0044168418,0.0763751976
4481,5.3851285830,-0.0085619900,1.0044748254,100.000000,0.54628571,-0.0044167937,0.0763734008
4483,5.3864639200,-0.0092746669,1.0044758780,100.000000,0.54628571,-0.0044167447,0.0763715923
4485,5.3878906854,-0.0099349446,1.0044769220,100.000000,0.54628571,-0.0044166954,0.0763697715
4487,5.3894009998,-0.0105350777,1.0044779582,100.000000,0.54628571,-0.0044166460,0.0763679376
4489,5.3909851413,-0.0110674278,1.0044789872,100.000000,0.54628571,-0.0044165971,0.0763660895
4491,5.3926316290,-0.0115246058,1.0044800099,100.000000,0.54628571,-0.0044165488,0.0763642267
4493,5.3943273770,-0.0118996220,1.0044810270,100.000000,0.54628571,-0.0044165016,0.0763623490
4495,5.3960579162,-0.0121860411,1.0044820395,100.000000,0.54628571,-0.0044164557,0.0763604567
4497,5.3978076796,-0.0123781381,1.0044830480,100.000000,0.54628571,-0.0044164113,0.0763585513
4499,5.3995603429,-0.0124710530,1.0044840535,100.000000,0.54628571,-0.0044163687,0.0763566351
4501,5.4012992105,-0.0124609404,1.0044850566,100.000000,0.54628571,-0.0044163281,0.0763547117
4503,5.4030076328,-0.0123451084,1.0044860582,100.000000,0.54628571,-0.0044162895,0.0763527856
4505,5.4046694418,-0.0121221438,1.0044870590,100.000000,0.54628571,-0.0044162531,0.0763508624
4507,5.4062693875,-0.0117920163,1.0044880598,100.000000,0.54628571,-0.0044162190,0.0763489489
4509,5.4077935582,-0.0113561586,1.0044890614,100.000000,0.54628571,-0.0044161871,0.0763470523
4511,5.4092297679,-0.0108175154,1.0044900643,100.000000,0.54628571,-0.0044161574,0.0763451807
4513,5.4105678938,-0.0101805586,1.0044910694,100.000000,0.54628571,-0.0044161301,0.0763433424
4515,5.4118001480,-0.0094512644,1.0044920773,100.000000,0.54628571,-0.0044161049,0.0763415459
4517,5.4129212706,-0.0086370501,1.0044930887,100.000000,0.54628571,-0.0044160818,0.0763397995
4519,5.4139286329,-0.0077466713,1.0044941042,100.000000,0.54628571,-0.0044160607,0.0763381111
4521,5.4148222440,-0.0067900809,1.0044951244,100.000000,0.54628571,-0.0044160417,0.0763364880
4523,5.4156046583,-0.0057782528,1.0044961500,100.000000,0.54628571,-0.0044160245,0.0763349369
4525,5.4162807836,-0.0047229777,1.0044971816,100.000000,0.54628571,-0.0044160090,0.0763334632
4527,5.4168575974,-0.0036366367,1.0044982196,100.000000,0.54628571,-0.0044159953,0.0763320719
4529,5.4173437815,-0.0025319624,1.0044992647,100.000000,0.54628571,-0.0044159831,0.0763307664
4531,5.4177492890,-0.0014217971,1.0045003173,100.000000,0.54628571,-0.0044159726,0.0763295494
4533,5.4180848632,-0.0003188567,1.0045013780,100.000000,0.54628571,-0.0044159635,0.0763284227
4535,5.4183615280,0.0007644908,1.0045024471,100.000000,0.54628571,-0.0044159558,0.0763273871
4537,5.4185900741,0.0018164230,1.0045035252,100.000000,0.54628571,-0.0044159494,0.0763264427
4539,5.4187805629,0.0028258339,1.0045046127,100.000000,0.54628571,-0.0044159444,0.0763255888
4541,5.4189418722,0.0037824709,1.0045057098,100.000000,0.54628571,-0.0044159406,0.0763248243
4543,5.4190813023,0.0046770394,1.0045068170,100.000000,0.54628571,-0.0044159379,0.0763241475
4545,5.4192042614,0.0055012735,1.0045079346,100.000000,0.54628571,-0.0044159362,0.0763235564
4547,5.4193140431,0.0062479771,1.0045090629,100.000000,0.54628571,-0.0044159354,0.0763230485
4549,5.4194117052,0.0069110384,1.0045102020,100.000000,0.54628571,-0.0044159354,0.0763226212
4551,5.4194960520,0.0074854244,1.0045113522,100.000000,0.54628571,-0.0044159361,0.0763222714
4553,5.4195637201,0.0079671595,1.0045125138,100.000000,0.54628571,-0.0044159371,0.0763219956
4555,5.4196093604,0.0083532952,1.0045136868,100.000000,0.54628571,-0.0044159384,0.0763217900
4557,5.4196259049,0.0086418747,1.0045148713,100.000000,0.54628571,-0.0044159396,0.0763216503
4559,5.4196049043,0.0088318964,1.0045160675,100.000000,0.54628571,-0.0044159406,0.0763215715
4561,5.4195369188,0.0089232795,1.0045172753,100.000000,0.54628571,-0.0044159412,0.0763215482
4563,5.4194119422,0.0089168307,1.0045184948,100.000000,0.54628571,-0.0044159410,0.0763215743
4565,5.4192198413,0.0088142148,1.0045197259,100.000000,0.54628571,-0.0044159398,0.0763216429
4567,5.4189507880,0.0086179251,1.0045209685,100.000000,0.54628571,-0.0044159375,0.0763217465
4569,5.4185956700,0.0083312523,1.0045222224,100.000000,0.54628571,-0.0044159338,0.0763218768
4571,5.4181464598,0.0079582512,1.0045234875,100.000000,0.54628571,-0.0044159284,0.0763220251
4573,5.4175965323,0.0075036993,1.0045247636,100.000000,0.54628571,-0.0044159212,0.0763221820
4575,5.4169409183,0.0069730491,1.0045260502,100.000000,0.54628571,-0.0044159119,0.0763223376
4577,5.4161764889,0.0063723689,1.0045273472,100.000000,0.54628571,-0.0044159005,0.0763224822
4579,5.4153020666,0.0057082745,1.0045286539,100.000000,0.54628571,-0.0044158867,0.0763226056
4581,5.4143184637,0.0049878511,1.0045299700,100.000000,0.54628571,-0.0044158704,0.0763226981
4583,5.4132284515,0.0042185652,1.0045312949,100.000000,0.54628571,-0.0044158515,0.0763227504
4585,5.4120366654,0.0034081719,1.0045326280,100.000000,0.54628571,-0.0044158297,0.0763227538
4587,5.4107494554,0.0025646170,1.0045339686,100.000000,0.54628571,-0.0044158051,0.0763227006
4589,5.4093746908,0.0016959392,1.0045353161,100.000000,0.54628571,-0.0044157773,0.0763225844
4591,5.4079215294,0.0008101749,1.0045366696,100.000000,0.54628571,-0.0044157463,0.0763224000
4593,5.4064001644,-0.0000847321,1.0045380285,100.000000,0.54628571,-0.0044157120,0.0763221440
4595,5.4048215585,-0.0009810123,1.0045393918,100.000000,0.54628571,-0.0044156741,0.0763218147
4597,5.4031971762,-0.0018711424,1.0045407589,100.000000,0.54628571,-0.0044156326,0.0763214121
4599,5.4015387247,-0.0027479072,1.0045421288,100.000000,0.54628571,-0.0044155872,0.0763209382
4601,5.3998579109,-0.0036044492,1.0045435006,100.000000,0.54628571,-0.0044155378,0.0763203968
4603,5.3981662217,-0.0044343097,1.0045448737,100.000000,0.54628571,-0.0044154842,0.0763197930
4605,5.3964747324,-0.0052314585,1.0045462472,100.000000,0.54628571,-0.0044154263,0.0763191337
4607,5.3947939469,-0.0059903186,1.0045476202,100.000000,0.54628571,-0.0044153639,0.0763184267
4609,5.3931336706,-0.0067057834,1.0045489921,100.000000,0.54628571,-0.0044152968,0.0763176808
4611,5.3915029167,-0.0073732311,1.0045503622,100.000000,0.54628571,-0.0044152250,0.0763169050
4613,5.3899098443,-0.0079885371,1.0045517298,100.000000,0.54628571,-0.0044151482,0.0763161085
4615,5.3883617253,-0.0085480842,1.0045530943,100.000000,0.54628571,-0.0044150664,0.0763152998
4617,5.3868649376,-0.0090487728,1.0045544551,100.000000,0.54628571,-0.0044149794,0.0763144869
4619,5.3854249803,-0.0094880287,1.0045558116,100.000000,0.54628571,-0.0044148873,0.0763136763
4621,5.3840465071,-0.0098638098,1.0045571635,100.000000,0.54628571,-0.0044147898,0.0763128732
4623,5.3827333739,-0.0101746081,1.0045585101,100.000000,0.54628571,-0.0044146870,0.0763120807
4625,5.3814886976,-0.0104194456,1.0045598510,100.000000,0.54628571,-0.0044145788,0.0763113002
4627,5.3803149214,-0.0105978641,1.0045611859,100.000000,0.54628571,-0.0044144652,0.0763105311
4629,5.3792138867,-0.0107099040,1.0045625143,100.000000,0.54628571,-0.0044143462,0.0763097707
4631,5.3781869079,-0.0107560745,1.0045638357,100.000000,0.54628571,-0.0044142218,0.0763090146
4633,5.3772348488,-0.0107373121,1.0045651498,100.000000,0.54628571,-0.0044140919,0.0763082567
4635,5.3763582019,-0.0106549301,1.0045664561,100.000000,0.54628571,-0.0044139566,0.0763074898
4637,5.3755571671,-0.0105105591,1.0045677543,100.000000,0.54628571,-0.0044138159,0.0763067057
4639,5.3748317328,-0.0103060822,1.0045690438,100.000000,0.54628571,-0.0044136699,0.0763058955
4641,5.3741817564,-0.0100435683,1.0045703243,100.000000,0.54628571,-0.0044135184,0.0763050507
4643,5.3736070447,-0.0097252062,1.0045715952,100.000000,0.54628571,-0.0044133617,0.0763041627
4645,5.3731074335,-0.0093532459,1.0045728563,100.000000,0.54628571,-0.0044131996,0.0763032241
4647,5.3726828638,-0.0089299485,1.0045741070,100.000000,0.54628571,-0.0044130322,0.0763022282
4649,5.3723334527,-0.0084575512,1.0045753469,100.000000,0.54628571,-0.0044128596,0.0763011700
4651,5.3720595567,-0.0079382473,1.0045765755,100.000000,0.54628571,-0.0044126818,0.0763000459
4653,5.3718618231,-0.0073741858,1.0045777926,100.000000,0.54628571,-0.0044124989,0.0762988542
4655,5.3717412270,-0.0067674883,1.0045789978,100.000000,0.54628571,-0.0044123109,0.0762975948
4657,5.3716990888,-0.0061202847,1.0045801908,100.000000,0.54628571,-0.0044121180,0.0762962693
4659,5.3717370707,-0.0054347636,1.0045813712,100.000000,0.54628571,-0.0044119204,0.0762948807
4661,5.3718571473,-0.0047132359,1.0045825391,100.000000,0.54628571,-0.0044117182,0.0762934336
4663,5.3720615501,-0.0039582064,1.0045836941,100.000000,0.54628571,-0.0044115115,0.0762919334
4665,5.3723526838,-0.0031724490,1.0045848363,100.000000,0.54628571,-0.0044113008,0.0762903863
4667,5.3727330152,-0.0023590813,1.0045859657,100.000000,0.54628571,-0.0044110861,0.0762887990
4669,5.3732049374,-0.0015216330,1.0045870823,100.000000,0.54628571,-0.0044108679,0.0762871782
4671,5.3737706126,-0.0006641043,1.0045881865,100.000000,0.54628571,-0.0044106464,0.0762855304
4673,5.3744317975,0.0002089888,1.0045892783,100.000000,0.54628571,-0.0044104221,0.0762838617
4675,5.3751896602,0.0010925869,1.0045903581,100.000000,0.54628571,-0.0044101952,0.0762821774
4677,5.3760445937,0.0019810770,1.0045914263,100.000000,0.54628571,-0.0044099663,0.0762804820
4679,5.3769960360,0.0028683027,1.0045924834,100.000000,0.54628571,-0.0044097356,0.0762787792
4681,5.3780423058,0.0037475939,1.0045935298,100.000000,0.54628571,-0.0044095035,0.0762770713
4683,5.3791804609,0.0046118164,1.0045945662,100.000000,0.54628571,-0.0044092706,0.0762753601
4685,5.3804061895,0.0054534392,1.0045955931,100.000000,0.54628571,-0.0044090371,0.0762736463
4687,5.3817137411,0.0062646197,1.0045966113,100.000000,0.54628571,-0.0044088034,0.0762719300
4689,5.3830959026,0.0070373035,1.0045976213,100.000000,0.54628571,-0.0044085699,0.0762702107
4691,5.3845440254,0.0077633376,1.0045986239,100.000000,0.54628571,-0.0044083370,0.0762684876
4693,5.3860481040,0.0084345953,1.0045996198,100.000000,0.54628571,-0.0044081048,0.0762667602
4695,5.3875969093,0.0090431089,1.0046006097,100.000000,0.54628571,-0.0044078738,0.0762650276
4697,5.3891781723,0.0095812109,1.0046015944,100.000000,0.54628571,-0.0044076442,0.0762632899
4699,5.3907788152,0.0100416782,1.0046025746,100.000000,0.54628571,-0.0044074161,0.0762615475
4701,5.3923852242,0.0104178786,1.0046035510,100.000000,0.54628571,-0.0044071898,0.0762598017
4703,5.3939835550,0.0107039160,1.0046045244,100.000000,0.54628571,-0.0044069655,0.0762580546
4705,5.3955600610,0.0108947713,1.0046054955,100.000000,0.54628571,-0.0044067432,0.0762563093
4707,5.3971014339,0.0109864348,1.0046064649,100.000000,0.54628571,-0.0044065231,0.0762545701
4709,5.3985951425,0.0109760272,1.0046074333,100.000000,0.54628571,-0.0044063052,0.0762528418
4711,5.4000297583,0.0108619033,1.0046084015,100.000000,0.54628571,-0.0044060897,0.0762511304
4713,5.4013952542,0.0106437370,1.0046093700,100.000000,0.54628571,-0.0044058765,0.0762494425
4715,5.4026832630,0.0103225795,1.0046103395,100.000000,0.54628571,-0.0044056655,0.0762477849
4717,5.4038872852,0.0099008910,1.0046113107,100.000000,0.54628571,-0.0044054569,0.0762461651
4719,5.4050028352,0.0093825403,1.0046122841,100.000000,0.54628571,-0.0044052506,0.0762445903
4721,5.4060275183,0.0087727716,1.0046132603,100.000000,0.54628571,-0.0044050464,0.0762430679
4723,5.4069610326,0.0080781368,1.0046142399,100.000000,0.54628571,-0.0044048444,0.0762416046
4725,5.4078050939,0.0073063951,1.0046152235,100.000000,0.54628571,-0.0044046445,0.0762402068
4727,5.4085632841,0.0064663820,1.0046162116,100.000000,0.54628571,-0.0044044467,0.0762388799
4729,5.4092408273,0.0055678509,1.0046172047,100.000000,0.54628571,-0.0044042508,0.0762376286
4731,5.4098443012,0.0046212933,1.0046182034,100.000000,0.54628571,-0.0044040568,0.0762364566
4733,5.4103812943,0.0036377437,1.0046192082,100.000000,0.54628571,-0.0044038646,0.0762353666
4735,5.4108600229,0.0026285772,1.0046202196,100.000000,0.54628571,-0.0044036743,0.0762343603
4737,5.4112889238,0.0016053052,1.0046212379,100.000000,0.54628571,-0.0044034856,0.0762334385
4739,5.4116762396,0.0005793794,1.0046222637,100.000000,0.54628571,-0.0044032986,0.0762326010
4741,5.4120296154,-0.0004379918,1.0046232975,100.000000,0.54628571,-0.0044031133,0.0762318466
4743,5.4123557241,-0.0014360079,1.0046243394,100.000000,0.54628571,-0.0044029295,0.0762311735
4745,5.4126599384,-0.0024044174,1.0046253901,100.000000,0.54628571,-0.0044027472,0.0762305794
4747,5.4129460632,-0.0033336347,1.0046264497,100.000000,0.54628571,-0.0044025664,0.0762300613
4749,5.4132161412,-0.0042148302,1.0046275186,100.000000,0.54628571,-0.0044023869,0.0762296155
4751,5.4134703405,-0.0050399960,1.0046285971,100.000000,0.54628571,-0.0044022088,0.0762292383
4753,5.4137069277,-0.0058019887,1.0046296854,100.000000,0.54628571,-0.0044020317,0.0762289256
4755,5.4139223293,-0.0064945527,1.0046307838,100.000000,0.54628571,-0.0044018558,0.0762286727
4757,5.4141112757,-0.0071123285,1.0046318924,100.000000,0.54628571,-0.0044016806,0.0762284750
4759,5.4142670214,-0.0076508492,1.0046330113,100.000000,0.54628571,-0.0044015062,0.0762283274
4761,5.4143816311,-0.0081065292,1.0046341406,100.000000,0.54628571,-0.0044013324,0.0762282248
4763,5.4144463162,-0.0084766491,1.0046352805,100.000000,0.54628571,-0.0044011588,0.0762281617
4765,5.4144518077,-0.0087593378,1.0046364308,100.000000,0.54628571,-0.0044009854,0.0762281322
4767,5.4143887471,-0.0089535549,1.0046375917,100.000000,0.54628571,-0.0044008119,0.0762281304
4769,5.4142480791,-0.0090590719,1.0046387630,100.000000,0.54628571,-0.0044006380,0.0762281499
4771,5.4140214283,-0.0090764538,1.0046399445,100.000000,0.54628571,-0.0044004636,0.0762281841
4773,5.4137014444,-0.0090070387,1.0046411363,100.000000,0.54628571,-0.0044002884,0.0762282262
4775,5.4132821040,-0.0088529139,1.0046423379,100.000000,0.54628571,-0.0044001122,0.0762282693
4777,5.4127589554,-0.0086168876,1.0046435491,100.000000,0.54628571,-0.0043999347,0.0762283063
4779,5.4121293011,-0.0083024541,1.0046447697,100.000000,0.54628571,-0.0043997559,0.0762283301
4781,5.4113923117,-0.0079137510,1.0046459993,100.000000,0.54628571,-0.0043995754,0.0762283337
4783,5.4105490705,-0.0074555083,1.0046472374,100.000000,0.54628571,-0.0043993930,0.0762283105
4785,5.4096025493,-0.0069329893,1.0046484835,100.000000,0.54628571,-0.0043992087,0.0762282543
4787,5.4085575219,-0.0063519230,1.0046497372,100.000000,0.54628571,-0.0043990222,0.0762281592
4789,5.4074204197,-0.0057184311,1.0046509978,100.000000,0.54628571,-0.0043988333,0.0762280204
4791,5.4061991401,-0.0050389494,1.0046522648,100.000000,0.54628571,-0.0043986420,0.0762278337
4793,5.4049028177,-0.0043201472,1.0046535375,100.000000,0.54628571,-0.0043984479,0.0762275961
4795,5.4035415684,-0.0035688469,1.0046548152,100.000000,0.54628571,-0.0043982511,0.0762273057
4797,5.4021262190,-0.0027919450,1.0046560973,100.000000,0.54628571,-0.0043980512,0.0762269619
4799,5.4006680328,-0.0019963381,1.0046573830,100.000000,0.54628571,-0.0043978482,0.0762265652
4801,5.3991784422,-0.0011888549,1.0046586716,100.000000,0.54628571,-0.0043976420,0.0762261177
4803,5.3976687968,-0.0003761945,1.0046599623,100.000000,0.54628571,-0.0043974323,0.0762256224
4805,5.3961501355,0.0004351266,1.0046612544,100.000000,0.54628571,-0.0043972190,0.0762250838
4807,5.3946329883,0.0012388202,1.0046625473,100.000000,0.54628571,-0.0043970020,0.0762245071
4809,5.3931272126,0.0020288650,1.0046638401,100.000000,0.54628571,-0.0043967811,0.0762238984
4811,5.3916418661,0.0027995385,1.0046651323,100.000000,0.54628571,-0.0043965563,0.0762232645
4813,5.3901851173,0.0035454438,1.0046664231,100.000000,0.54628571,-0.0043963273,0.0762226122
4815,5.3887641931,0.0042615323,1.0046677120,100.000000,0.54628571,-0.0043960942,0.0762219484
4817,5.3873853595,0.0049431229,1.0046689984,100.000000,0.54628571,-0.0043958567,0.0762212796
4819,5.3860539353,0.0055859194,1.0046702817,100.000000,0.54628571,-0.0043956149,0.0762206116
4821,5.3847743308,0.0061860252,1.0046715613,100.000000,0.54628571,-0.0043953685,0.0762199492
4823,5.3835501097,0.0067399565,1.0046728368,100.000000,0.54628571,-0.0043951176,0.0762192962
4825,5.3823840672,0.0072446522,1.0046741077,100.000000,0.54628571,-0.0043948621,0.0762186546
4827,5.3812783208,0.0076974807,1.0046753735,100.000000,0.54628571,-0.0043946019,0.0762180251
4829,5.3802344085,0.0080962425,1.0046766339,100.000000,0.54628571,-0.0043943370,0.0762174067
4831,5.3792533891,0.0084391656,1.0046778883,100.000000,0.54628571,-0.0043940674,0.0762167968
4833,5.3783359443,0.0087248959,1.0046791363,100.000000,0.54628571,-0.0043937931,0.0762161911
4835,5.3774824755,0.0089524786,1.0046803775,100.000000,0.54628571,-0.0043935140,0.0762155842
4837,5.3766931968,0.0091213324,1.0046816115,100.000000,0.54628571,-0.0043932302,0.0762149694
4839,5.3759682203,0.0092312169,1.0046828379,100.000000,0.54628571,-0.0043929417,0.0762143393
4841,5.3753076344,0.0092821925,1.0046840563,100.000000,0.54628571,-0.0043926484,0.0762136858
4843,5.3747115725,0.0092745774,1.0046852661,100.000000,0.54628571,-0.0043923505,0.0762130009
4845,5.3741802741,0.0092089015,1.0046864671,100.000000,0.54628571,-0.0043920478,0.0762122766
4847,5.3737141358,0.0090858615,1.0046876586,100.000000,0.54628571,-0.0043917405,0.0762115056
4849,5.3733137537,0.0089062808,1.0046888404,100.000000,0.54628571,-0.0043914286,0.0762106815
4851,5.3729799552,0.0086710753,1.0046900120,100.000000,0.54628571,-0.0043911121,0.0762097990
4853,5.3727138207,0.0083812302,1.0046911731,100.000000,0.54628571,-0.0043907911,0.0762088542
4855,5.3725166930,0.0080377885,1.0046923231,100.000000,0.54628571,-0.0043904656,0.0762078447
4857,5.3723901742,0.0076418536,1.0046934619,100.000000,0.54628571,-0.0043901358,0.0762067696
4859,5.3723361092,0.0071946064,1.0046945890,100.000000,0.54628571,-0.0043898017,0.0762056296
4861,5.3723565522,0.0066973360,1.0046957043,100.000000,0.54628571,-0.0043894635,0.0762044269
4863,5.3724537193,0.0061514831,1.0046968075,100.000000,0.54628571,-0.0043891213,0.0762031649
4865,5.3726299216,0.0055586941,1.0046978985,100.000000,0.54628571,-0.0043887753,0.0762018482
4867,5.3728874839,0.0049208819,1.0046989771,100.000000,0.54628571,-0.0043884257,0.0762004821
4869,5.3732286456,0.0042402906,1.0047000435,100.000000,0.54628571,-0.0043880726,0.0761990726
4871,5.3736554482,0.0035195597,1.0047010976,100.000000,0.54628571,-0.0043877165,0.0761976260
4873,5.3741696107,0.0027617845,1.0047021395,100.000000,0.54628571,-0.0043873575,0.0761961484
4875,5.3747723966,0.0019705683,1.0047031694,100.000000,0.54628571,-0.0043869959,0.0761946458
4877,5.3754644780,0.0011500629,1.0047041877,100.000000,0.54628571,-0.0043866321,0.0761931237
4879,5.3762458007,0.0003049966,1.0047051945,100.000000,0.54628571,-0.0043862663,0.0761915868
4881,5.3771154569,-0.0005593158,1.0047061904,100.000000,0.54628571,-0.0043858990,0.0761900392
4883,5.3780715715,-0.0014369786,1.0047071757,100.000000,0.54628571,-0.0043855305,0.0761884840
4885,5.3791112083,-0.0023215395,1.0047081509,100.000000,0.54628571,-0.0043851610,0.0761869233
4887,5.3802303013,-0.0032060319,1.0047091166,100.000000,0.54628571,-0.0043847911,0.0761853588
4889,5.3814236174,-0.0040830340,1.0047100734,100.000000,0.54628571,-0.0043844209,0.0761837909
4891,5.3826847535,-0.0049447447,1.0047110218,100.000000,0.54628571,-0.0043840508,0.0761822200
4893,5.3840061717,-0.0057830735,1.0047119625,100.000000,0.54628571,-0.0043836812,0.0761806456
4895,5.3853792754,-0.0065897445,1.0047128962,100.000000,0.54628571,-0.0043833122,0.0761790674
4897,5.3867945232,-0.0073564104,1.0047138234,100.000000,0.54628571,-0.0043829442,0.0761774849
4899,5.3882415831,-0.0080747767,1.0047147449,100.000000,0.54628571,-0.0043825775,0.0761758979
4901,5.3897095205,-0.0087367325,1.0047156613,100.000000,0.54628571,-0.0043822121,0.0761743065
4903,5.3911870162,-0.0093344861,1.0047165734,100.000000,0.54628571,-0.0043818484,0.0761727117
4905,5.3926626087,-0.0098607029,1.0047174817,100.000000,0.54628571,-0.0043814865,0.0761711148
4907,5.3941249518,-0.0103086434,1.0047183869,100.000000,0.54628571,-0.0043811265,0.0761695183
4909,5.3955630798,-0.0106722969,1.0047192897,100.000000,0.54628571,-0.0043807685,0.0761679252
4911,5.3969666696,-0.0109465106,1.0047201906,100.000000,0.54628571,-0.0043804127,0.0761663397
4913,5.3983262918,-0.0111271072,1.0047210903,100.000000,0.54628571,-0.0043800592,0.0761647666
4915,5.3996336380,-0.0112109907,1.0047219894,100.000000,0.54628571,-0.0043797079,0.0761632114
4917,5.4008817183,-0.0111962348,1.0047228885,100.000000,0.54628571,-0.0043793590,0.0761616803
4919,5.4020650169,-0.0110821513,1.0047237881,100.000000,0.54628571,-0.0043790124,0.0761601796
4921,5.4031796016,-0.0108693350,1.0047246889,100.000000,0.54628571,-0.0043786682,0.0761587160
4923,5.4042231779,-0.0105596833,1.0047255913,100.000000,0.54628571,-0.0043783263,0.0761572964
4925,5.4051950874,-0.0101563863,1.0047264958,100.000000,0.54628571,-0.0043779868,0.0761559270
4927,5.4060962456,-0.0096638901,1.0047274031,100.000000,0.54628571,-0.0043776496,0.0761546142
4929,5.4069290213,-0.0090878299,1.0047283136,100.000000,0.54628571,-0.0043773147,0.0761533632
4931,5.4076970609,-0.0084349360,1.0047292279,100.000000,0.54628571,-0.0043769820,0.0761521791
4933,5.4084050618,-0.0077129154,1.0047301464,100.000000,0.54628571,-0.0043766515,0.0761510657
4935,5.4090585043,-0.0069303121,1.0047310696,100.000000,0.54628571,-0.0043763232,0.0761500261
4937,5.4096633514,-0.0060963504,1.0047319980,100.000000,0.54628571,-0.0043759970,0.0761490624
4939,5.4102257284,-0.0052207686,1.0047329320,100.000000,0.54628571,-0.0043756729,0.0761481758
4941,5.4107515957,-0.0043136462,1.0047338721,100.000000,0.54628571,-0.0043753508,0.0761473664
4943,5.4112464282,-0.0033852330,1.0047348187,100.000000,0.54628571,-0.0043750307,0.0761466335
4945,5.4117149163,-0.0024457841,1.0047357723,100.000000,0.54628571,-0.0043747126,0.0761459757
4947,5.4121607005,-0.0015054066,1.0047367331,100.000000,0.54628571,-0.0043743963,0.0761453907
4949,5.4125861531,-0.0005739209,1.0047377015,100.000000,0.54628571,-0.0043740819,0.0761448756
4951,5.4129922166,0.0003392588,1.0047386779,100.000000,0.54628571,-0.0043737692,0.0761444271
4953,5.4133783064,0.0012252255,1.0047396626,100.000000,0.54628571,-0.0043734582,0.0761440413
4955,5.4137422835,0.0020756598,1.0047406559,100.000000,0.54628571,-0.0043731487,0.0761437142
4957,5.4140804981,0.0028828919,1.0047416579,100.000000,0.54628571,-0.0043728408,0.0761434412
4959,5.4143879032,0.0036399458,1.0047426689,100.000000,0.54628571,-0.0043725342,0.0761432180
4961,5.4146582330,0.0043405697,1.0047436890,100.000000,0.54628571,-0.0043722289,0.0761430397
4963,5.4148842383,0.0049792537,1.0047447184,100.000000,0.54628571,-0.0043719246,0.0761429017
4965,5.4150579692,0.0055512387,1.0047457571,100.000000,0.54628571,-0.0043716212,0.0761427989
4967,5.4151710918,0.0060525194,1.0047468052,100.000000,0.54628571,-0.0043713185,0.0761427265
4969,5.4152152243,0.0064798419,1.0047478627,100.000000,0.54628571,-0.0043710163,0.0761426795
4971,5.4151822804,0.0068306994,1.0047489296,100.000000,0.54628571,-0.0043707145,0.0761426528
4973,5.4150648021,0.0071033256,1.0047500057,100.000000,0.54628571,-0.0043704127,0.0761426415
4975,5.4148562701,0.0072966862,1.0047510910,100.000000,0.54628571,-0.0043701108,0.0761426403
4977,5.4145513780,0.0074104682,1.0047521851,100.000000,0.54628571,-0.0043698085,0.0761426443
4979,5.4141462607,0.0074450660,1.0047532881,100.000000,0.54628571,-0.0043695057,0.0761426484
4981,5.4136386670,0.0074015634,1.0047543994,100.000000,0.54628571,-0.0043692021,0.0761426476
4983,5.4130280729,0.0072817107,1.0047555189,100.000000,0.54628571,-0.0043688975,0.0761426372
4985,5.4123157307,0.0070878948,1.0047566461,100.000000,0.54628571,-0.0043685917,0.0761426125
4987,5.4115046557,0.0068231033,1.0047577807,100.000000,0.54628571,-0.0043682845,0.0761425692
4989,5.4105995529,0.0064908803,1.0047589222,100.000000,0.54628571,-0.0043679758,0.0761425035
4991,5.4096066879,0.0060952770,1.0047600701,100.000000,0.54628571,-0.0043676653,0.0761424119
4993,5.4085337114,0.0056407944,1.0047612239,100.000000,0.54628571,-0.0043673528,0.0761422916
4995,5.4073894450,0.0051323223,1.0047623830,100.000000,0.54628571,-0.0043670382,0.0761421404
4997,5.4061836386,0.0045750746,1.0047635468,100.000000,0.54628571,-0.0043667214,0.0761419570
4999,5.4049267105,0.0039745223,1.0047647148,100.000000,0.54628571,-0.0043664022,0.0761417405
5001,5.4036294816,0.0033363277,1.0047658863,100.000000,0.54628571,-0.0043660804,0.0761414913
5003,5.4023029125,0.0026662791,1.0047670607,100.000000,0.54628571,-0.0043657559,0.0761412103
5005,5.4009578542,0.0019702303,1.0047682373,100.000000,0.54628571,-0.0043654285,0.0761408993
5007,5.3996048210,0.0012540436,1.0047694155,100.000000,0.54628571,-0.0043650982,0.0761405607
5009,5.3982537911,0.0005235382,1.0047705946,100.000000,0.54628571,-0.0043647647,0.0761401978
5011,5.3969140410,-0.0002155549,1.0047717741,100.000000,0.54628571,-0.0043644280,0.0761398140
5013,5.3955940169,-0.0009576334,1.0047729532,100.000000,0.54628571,-0.0043640880,0.0761394133
5015,5.3943012434,-0.0016972577,1.0047741314,100.000000,0.54628571,-0.0043637445,0.0761389998
5017,5.3930422718,-0.0024291808,1.0047753081,100.000000,0.54628571,-0.0043633973,0.0761385774
5019,5.3918226635,-0.0031483738,1.0047764828,100.000000,0.54628571,-0.0043630465,0.0761381497
5021,5.3906470078,-0.0038500480,1.0047776548,100.000000,0.54628571,-0.0043626919,0.0761377199
5023,5.3895189685,-0.0045296741,1.0047788238,100.000000,0.54628571,-0.0043623334,0.0761372905
5025,5.3884413559,-0.0051829985,1.0047799891,100.000000,0.54628571,-0.0043619709,0.0761368630
5027,5.3874162177,-0.0058060583,1.0047811503,100.000000,0.54628571,-0.0043616044,0.0761364378
5029,5.3864449442,-0.0063951927,1.0047823070,100.000000,0.54628571,-0.0043612338,0.0761360143
5031,5.3855283824,-0.0069470523,1.0047834587,100.000000,0.54628571,-0.0043608590,0.0761355907
5033,5.3846669542,-0.0074586040,1.0047846050,100.000000,0.54628571,-0.0043604800,0.0761351640
5035,5.3838607731,-0.0079271336,1.0047857454,100.000000,0.54628571,-0.0043600967,0.0761347300
5037,5.3831097574,-0.0083502417,1.0047868795,100.000000,0.54628571,-0.0043597092,0.0761342836
5039,5.3824137347,-0.0087258357,1.0047880068,100.000000,0.54628571,-0.0043593174,0.0761338188
5041,5.3817725373,-0.0090521166,1.0047891271,100.000000,0.54628571,-0.0043589213,0.0761333290
5043,5.3811860844,-0.0093275604,1.0047902397,100.000000,0.54628571,-0.0043585209,0.0761328075
5045,5.3806544521,-0.0095508957,1.0047913444,100.000000,0.54628571,-0.0043581163,0.0761322471
5047,5.3801779291,-0.0097210779,1.0047924406,100.000000,0.54628571,-0.0043577073,0.0761316413
5049,5.3797570579,-0.0098372628,1.0047935280,100.000000,0.54628571,-0.0043572942,0.0761309837
5051,5.3793926630,-0.0098987805,1.0047946062,100.000000,0.54628571,-0.0043568768,0.0761302689
5053,5.3790858638,-0.0099051118,1.0047956747,100.000000,0.54628571,-0.0043564553,0.0761294925
5055,5.3788380748,-0.0098558705,1.0047967332,100.000000,0.54628571,-0.0043560297,0.0761286513
5057,5.3786509919,-0.0097507928,1.0047977812,100.000000,0.54628571,-0.0043556002,0.0761277434
5059,5.3785265661,-0.0095897351,1.0047988186,100.000000,0.54628571,-0.0043551667,0.0761267684
5061,5.3784669640,-0.0093726832,1.0047998449,100.000000,0.54628571,-0.0043547295,0.0761257271
5063,5.3784745161,-0.0090997713,1.0048008599,100.000000,0.54628571,-0.0043542886,0.0761246219
5065,5.3785516533,-0.0087713121,1.0048018633,100.000000,0.54628571,-0.0043538442,0.0761234563
5067,5.3787008317,-0.0083878368,1.0048028551,100.000000,0.54628571,-0.0043533965,0.0761222351
5069,5.3789244478,-0.0079501433,1.0048038352,100.000000,0.54628571,-0.0043529456,0.0761209636
5071,5.3792247440,-0.0074593500,1.0048048034,100.000000,0.54628571,-0.0043524917,0.0761196480
5073,5.3796037073,-0.0069169528,1.0048057597,100.000000,0.54628571,-0.0043520351,0.0761182949
5075,5.3800629630,-0.0063248829,1.0048067044,100.000000,0.54628571,-0.0043515761,0.0761169108
5077,5.3806036666,-0.0056855601,1.0048076374,100.000000,0.54628571,-0.0043511148,0.0761155024
5079,5.3812263966,-0.0050019411,1.0048085591,100.000000,0.54628571,-0.0043506517,0.0761140757
5081,5.3819310521,-0.0042775583,1.0048094696,100.000000,0.54628571,-0.0043501869,0.0761126363
5083,5.3827167606,-0.0035165466,1.0048103693,100.000000,0.54628571,-0.0043497207,0.0761111892
5085,5.3835817972,-0.0027236570,1.0048112586,100.000000,0.54628571,-0.0043492536,0.0761097384
5087,5.3845235231,-0.0019042552,1.0048121380,100.000000,0.54628571,-0.0043487857,0.0761083349
5089,5.3855383437,-0.0010643035,1.0048130077,100.000000,0.54628571,-0.0043483174,0.0761069331
5091,5.3866216923,-0.0002103276,1.0048138685,100.000000,0.54628571,-0.0043478490,0.0761055321
5093,5.3877680411,0.0006506339,1.0048147208,100.000000,0.54628571,-0.0043473808,0.0761041328
5095,5.3889709415,0.0015110941,1.0048155652,100.000000,0.54628571,-0.0043469130,0.0761027354
5097,5.3902230942,0.0023631979,1.0048164022,100.000000,0.54628571,-0.0043464460,0.0761013399
5099,5.3915164501,0.0031988144,1.0048172325,100.000000,0.54628571,-0.0043459799,0.0760999458
5101,5.3928423382,0.0040096408,1.0048180566,100.000000,0.54628571,-0.0043455150,0.0760985532
5103,5.3941916206,0.0047873161,1.0048188752,100.000000,0.54628571,-0.0043450515,0.0760971618
5105,5.3955548680,0.0055235421,1.0048196889,100.000000,0.54628571,-0.0043445895,0.0760957722
5107,5.3969225522,0.0062102106,1.0048204983,100.000000,0.54628571,-0.0043441293,0.0760943850
5109,5.3982852494,0.0068395326,1.0048213039,100.000000,0.54628571,-0.0043436709,0.0760930018
5111,5.3996338469,0.0074041703,1.0048221063,100.000000,0.54628571,-0.0043432146,0.0760916248
5113,5.4009597468,0.0078973650,1.0048229062,100.000000,0.54628571,-0.0043427603,0.0760902566
5115,5.4022550588,0.0083130624,1.0048237040,100.000000,0.54628571,-0.0043423082,0.0760889008
5117,5.4035127743,0.0086460292,1.0048245004,100.000000,0.54628571,-0.0043418583,0.0760875616
5119,5.4047269161,0.0088919591,1.0048252958,100.000000,0.54628571,-0.0043414107,0.0760862436
5121,5.4058926555,0.0090475659,1.0048260908,100.000000,0.54628571,-0.0043409655,0.0760849519
5123,5.4070063928,0.0091106590,1.0048268859,100.000000,0.54628571,-0.0043405225,0.0760836917
5125,5.4080657966,0.0090801997,1.0048276816,100.000000,0.54628571,-0.0043400820,0.0760824686
5127,5.4090697983,0.0089563358,1.0048284784,100.000000,0.54628571,-0.0043396438,0.0760812880
5129,5.4100185426,0.0087404125,1.0048292769,100.000000,0.54628571,-0.0043392080,0.0760801549
5131,5.4109132917,0.0084349578,1.0048300774,100.000000,0.54628571,-0.0043387746,0.0760790741
5133,5.4117562889,0.0080436437,1.0048308804,100.000000,0.54628571,-0.0043383435,0.0760780500
5135,5.4125505829,0.0075712226,1.0048316865,100.000000,0.54628571,-0.0043379147,0.0760770860
5137,5.4132998207,0.0070234410,1.0048324961,100.000000,0.54628571,-0.0043374882,0.0760761850
5139,5.4140080158,0.0064069330,1.0048333096,100.000000,0.54628571,-0.0043370640,0.0760753490
5141,5.4146793003,0.0057290973,1.0048341275,100.000000,0.54628571,-0.0043366420,0.0760745792
5143,5.4153176724,0.0049979619,1.0048349503,100.000000,0.54628571,-0.0043362223,0.0760738760
5145,5.4159267465,0.0042220404,1.0048357782,100.000000,0.54628571,-0.0043358047,0.0760732388
5147,5.4165095208,0.0034101858,1.0048366118,100.000000,0.54628571,-0.0043353893,0.0760726821
5149,5.4170681687,0.0025714454,1.0048374514,100.000000,0.54628571,-0.0043349760,0.0760722087
5151,5.4176038666,0.0017149220,1.0048382974,100.000000,0.54628571,-0.0043345647,0.0760717956
5153,5.4181166647,0.0008496444,1.0048391502,100.000000,0.54628571,-0.0043341555,0.0760714394
5155,5.4186054077,-0.0000155497,1.0048400099,100.000000,0.54628571,-0.0043337482,0.0760711365
5157,5.4190677103,-0.0008721157,1.0048408770,100.000000,0.54628571,-0.0043333429,0.0760708829
5159,5.4194999898,-0.0017118899,1.0048417517,100.000000,0.54628571,-0.0043329393,0.0760706743
5161,5.4198975540,-0.0025271605,1.0048426342,100.000000,0.54628571,-0.0043325374,0.0760705064
5163,5.4202547432,-0.0033107251,1.0048435247,100.000000,0.54628571,-0.0043321372,0.0760703748
5165,5.4205651206,-0.0040559345,1.0048444234,100.000000,0.54628571,-0.0043317385,0.0760702749
5167,5.4208217020,-0.0047567246,1.0048453303,100.000000,0.54628571,-0.0043313411,0.0760702025
5169,5.4210172171,-0.0054076400,1.0048462455,100.000000,0.54628571,-0.0043309449,0.0760701531
5171,5.4211443906,-0.0060038496,1.0048471691,100.000000,0.54628571,-0.0043305497,0.0760701225
5173,5.4211962311,-0.0065411562,1.0048481011,100.000000,0.54628571,-0.0043301554,0.0760701066
5175,5.4211663153,-0.0070160033,1.0048490414,100.000000,0.54628571,-0.0043297617,0.0760701013
5177,5.4210490569,-0.0074254774,1.0048499899,100.000000,0.54628571,-0.0043293685,0.0760701028
5179,5.4208399470,-0.0077673083,1.0048509464,100.000000,0.54628571,-0.0043289755,0.0760701073
5181,5.4205357577,-0.0080398670,1.0048519108,100.000000,0.54628571,-0.0043285825,0.0760701112
5183,5.4201347002,-0.0082421599,1.0048528829,100.000000,0.54628571,-0.0043281893,0.0760701111
5185,5.4196365316,-0.0083738203,1.0048538624,100.000000,0.54628571,-0.0043277957,0.0760701037
5187,5.4190426068,-0.0084350952,1.0048548489,100.000000,0.54628571,-0.0043274014,0.0760700860
5189,5.4183558750,-0.0084268270,1.0048558421,100.000000,0.54628571,-0.0043270063,0.0760700552
5191,5.4175808216,-0.0083504304,1.0048568417,100.000000,0.54628571,-0.0043266100,0.0760700090
5193,5.4167233593,-0.0082078625,1.0048578471,100.000000,0.54628571,-0.0043262126,0.0760699452
5195,5.4157906750,-0.0080015880,1.0048588581,100.000000,0.54628571,-0.0043258136,0.0760698621
5197,5.4147910390,-0.0077345385,1.0048598739,100.000000,0.54628571,-0.0043254130,0.0760697584
5199,5.4137335860,-0.0074100671,1.0048608943,100.000000,0.54628571,-0.0043250105,0.0760696335
5201,5.4126280766,-0.0070318997,1.0048619186,100.000000,0.54628571,-0.0043246060,0.0760694869
5203,5.4114846506,-0.0066040830,1.0048629462,100.000000,0.54628571,-0.0043241994,0.0760693191
5205,5.4103135806,-0.0061309320,1.0048639767,100.000000,0.54628571,-0.0043237904,0.0760691307
5207,5.4091250352,-0.0056169774,1.0048650095,100.000000,0.54628571,-0.0043233790,0.0760689231
5209,5.4079288610,-0.0050669141,1.0048660439,100.000000,0.54628571,-0.0043229649,0.0760686980
5211,5.4067343886,-0.0044855525,1.0048670794,100.000000,0.54628571,-0.0043225481,0.0760684980
5213,5.4055502696,-0.0038777731,1.0048681155,100.000000,0.54628571,-0.0043221285,0.0760683003
5215,5.4043843482,-0.0032484845,1.0048691516,100.000000,0.54628571,-0.0043217060,0.0760680936
5217,5.4032435682,-0.0026025863,1.0048701871,100.000000,0.54628571,-0.0043212804,0.0760678799
5219,5.4021339178,-0.0019449351,1.0048712214,100.000000,0.54628571,-0.0043208516,0.0760676612
5221,5.4010604103,-0.0012803153,1.0048722541,100.000000,0.54628571,-0.0043204196,0.0760674392
5223,5.4000270978,-0.0006134131,1.0048732847,100.000000,0.54628571,-0.0043199844,0.0760672154
5225,5.3990371164,0.0000512063,1.0048743126,100.000000,0.54628571,-0.0043195457,0.0760669903
5227,5.3980927564,0.0007091188,1.0048753374,100.000000,0.54628571,-0.0043191036,0.0760667643
5229,5.3971955542,0.0013560584,1.0048763585,100.000000,0.54628571,-0.0043186580,0.0760665364
5231,5.3963464002,0.0019879330,1.0048773756,100.000000,0.54628571,-0.0043182088,0.0760663053
5233,5.3955456568,0.0026008370,1.0048783882,100.000000,0.54628571,-0.0043177560,0.0760660686
5235,5.3947932829,0.0031910620,1.0048793959,100.000000,0.54628571,-0.0043172997,0.0760658231
5237,5.3940889577,0.0037551046,1.0048803981,100.000000,0.54628571,-0.0043168396,0.0760655647
5239,5.3934322015,0.0042896717,1.0048813946,100.000000,0.54628571,-0.0043163759,0.0760652886
5241,5.3928224892,0.0047916823,1.0048823848,100.000000,0.54628571,-0.0043159085,0.0760649897
5243,5.3922593520,0.0052582656,1.0048833683,100.000000,0.54628571,-0.0043154374,0.0760646620
5245,5.3917424669,0.0056867570,1.0048843448,100.000000,0.54628571,-0.0043149626,0.0760642997
5247,5.3912717307,0.0060746889,1.0048853138,100.000000,0.54628571,-0.0043144841,0.0760638969
5249,5.3908473176,0.0064197811,1.0048862749,100.000000,0.54628571,-0.0043140020,0.0760634479
5251,5.3904697203,0.0067199278,1.0048872277,100.000000,0.54628571,-0.0043135162,0.0760629473
5253,5.3901397738,0.0069731846,1.0048881718,100.000000,0.54628571,-0.0043130268,0.0760623906
5255,5.3898586631,0.0071777570,1.0048891067,100.000000,0.54628571,-0.0043125339,0.0760617741
5257,5.3896279136,0.0073319901,1.0048900322,100.000000,0.54628571,-0.0043120375,0.0760610951
5259,5.3894493679,0.0074343635,1.0048909479,100.000000,0.54628571,-0.0043115376,0.0760603520
5261,5.3893251471,0.0074834908,1.0048918534,100.000000,0.54628571,-0.0043110345,0.0760595446
5263,5.3892575995,0.0074781271,1.0048927485,100.000000,0.54628571,-0.0043105280,0.0760586737
5265,5.3892492381,0.0074171838,1.0048936329,100.000000,0.54628571,-0.0043100184,0.0760577415
5267,5.3893026679,0.0072997513,1.0048945063,100.000000,0.54628571,-0.0043095058,0.0760567512
5269,5.3894205037,0.0071251313,1.0048953687,100.000000,0.54628571,-0.0043089903,0.0760557070
5271,5.3896052828,0.0068928760,1.0048962199,100.000000,0.54628571,-0.0043084721,0.0760546141
5273,5.3898593713,0.0066028340,1.0048970598,100.000000,0.54628571,-0.0043079513,0.0760534781
5275,5.3901848683,0.0062552007,1.0048978884,100.000000,0.54628571,-0.0043074281,0.0760523053
5277,5.3905835098,0.0058505726,1.0048987058,100.000000,0.54628571,-0.0043069027,0.0760511020
5279,5.3910565737,0.0053900002,1.0048995120,100.000000,0.54628571,-0.0043063754,0.0760498745
5281,5.3916047907,0.0048750397,1.0049003073,100.000000,0.54628571,-0.0043058464,0.0760486289
5283,5.3922282615,0.0043077995,1.0049010918,100.000000,0.54628571,-0.0043053158,0.0760473709
5285,5.3929263846,0.0036909788,1.0049018658,100.000000,0.54628571,-0.0043047841,0.0760461055
5287,5.3936977977,0.0030278964,1.0049026297,100.000000,0.54628571,-0.0043042513,0.0760448373
5289,5.3945403346,0.0023225086,1.0049033838,100.000000,0.54628571,-0.0043037179,0.0760435700
5291,5.3954510000,0.0015794126,1.0049041285,100.000000,0.54628571,-0.0043031840,0.0760423064
5293,5.3964259656,0.0008038369,1.0049048643,100.000000,0.54628571,-0.0043026499,0.0760410487
5295,5.3974605879,0.0000016159,1.0049055916,100.000000,0.54628571,-0.0043021158,0.0760397985
5297,5.3985494483,-0.0008208498,1.0049063109,100.000000,0.54628571,-0.0043015821,0.0760385566
5299,5.3996864179,-0.0016566478,1.0049070227,100.000000,0.54628571,-0.0043010490,0.0760373234
5301,5.4008647434,-0.0024984225,1.0049077277,100.000000,0.54628571,-0.0043005166,0.0760360992
5303,5.4020771552,-0.0033384558,1.0049084262,100.000000,0.54628571,-0.0042999852,0.0760348839
5305,5.4033159942,-0.0041687603,1.0049091189,100.000000,0.54628571,-0.0042994550,0.0760336773
5307,5.4045733539,-0.0049811815,1.0049098063,100.000000,0.54628571,-0.0042989262,0.0760324797
5309,5.4058412348,-0.0057675087,1.0049104890,100.000000,0.54628571,-0.0042983989,0.0760312915
5311,5.4071117055,-0.0065195925,1.0049111674,100.000000,0.54628571,-0.0042978733,0.0760301133
5313,5.4083770660,-0.0072294658,1.0049118422,100.000000,0.54628571,-0.0042973495,0.0760289465
5315,5.4096300076,-0.0078894671,1.0049125138,100.000000,0.54628571,-0.0042968276,0.0760277928
5317,5.4108637632,-0.0084923640,1.0049131828,100.000000,0.54628571,-0.0042963078,0.0760266546
5319,5.4120722430,-0.0090314723,1.0049138496,100.000000,0.54628571,-0.0042957900,0.0760255346
5321,5.4132501509,-0.0095007710,1.0049145148,100.000000,0.54628571,-0.0042952744,0.0760244362
5323,5.4143930750,-0.0098950081,1.0049151788,100.000000,0.54628571,-0.0042947611,0.0760233630
5325,5.4154975502,-0.0102097957,1.0049158421,100.000000,0.54628571,-0.0042942501,0.0760223191
5327,5.4165610885,-0.0104416913,1.0049165052,100.000000,0.54628571,-0.0042937414,0.0760213085
5329,5.4175821753,-0.0105882629,1.0049171686,100.000000,0.54628571,-0.0042932351,0.0760203353
5331,5.4185602316,-0.0106481360,1.0049178326,100.000000,0.54628571,-0.0042927312,0.0760194038
5333,5.4194955414,-0.0106210199,1.0049184978,100.000000,0.54628571,-0.0042922297,0.0760185177
5335,5.4203891465,-0.0105077140,1.0049191646,100.000000,0.54628571,-0.0042917307,0.0760176804
5337,5.4212427138,-0.0103100907,1.0049198334,100.000000,0.54628571,-0.0042912341,0.0760168949
5339,5.4220583754,-0.0100310581,1.0049205047,100.000000,0.54628571,-0.0042907399,0.0760161637
5341,5.4228385526,-0.0096745013,1.0049211790,100.000000,0.54628571,-0.0042902481,0.0760154885
5343,5.4235857652,-0.0092452056,1.0049218565,100.000000,0.54628571,-0.0042897587,0.0760148704
5345,5.4243024374,-0.0087487626,1.0049225379,100.000000,0.54628571,-0.0042892718,0.0760143098
5347,5.4249907061,-0.0081914638,1.0049232234,100.000000,0.54628571,-0.0042887872,0.0760138064
5349,5.4256522411,-0.0075801843,1.0049239135,100.000000,0.54628571,-0.0042883050,0.0760133592
5351,5.4262880832,-0.0069222607,1.0049246085,100.000000,0.54628571,-0.0042878251,0.0760129668
5353,5.4268985103,-0.0062253670,1.0049253089,100.000000,0.54628571,-0.0042873475,0.0760126268
5355,5.4274829358,-0.0054973926,1.0049260149,100.000000,0.54628571,-0.0042868722,0.0760123368
5357,5.4280398453,-0.0047463245,1.0049267270,100.000000,0.54628571,-0.0042863990,0.0760120937
5359,5.4285667767,-0.0039801387,1.0049274453,100.000000,0.54628571,-0.0042859280,0.0760118942
5361,5.4290603434,-0.0032067005,1.0049281703,100.000000,0.54628571,-0.0042854590,0.0760117349
5363,5.4295163035,-0.0024336765,1.0049289021,100.000000,0.54628571,-0.0042849921,0.0760116121
5365,5.4299296708,-0.0016684588,1.0049296409,100.000000,0.54628571,-0.0042845270,0.0760115220
5367,5.4302948660,-0.0009181012,1.0049303870,100.000000,0.54628571,-0.0042840637,0.0760114611
5369,5.4306059005,-0.0001892667,1.0049311404,100.000000,0.54628571,-0.0042836021,0.0760114257
5371,5.4308565880,0.0005118150,1.0049319013,100.000000,0.54628571,-0.0042831420,0.0760114122
5373,5.4310407729,0.0011793800,1.0049326698,100.000000,0.54628571,-0.0042826834,0.0760114173
5375,5.4311525682,0.0018081565,1.0049334457,100.000000,0.54628571,-0.0042822259,0.0760114377
5377,5.4311865920,0.0023933838,1.0049342293,100.000000,0.54628571,-0.0042817695,0.0760114704
5379,5.4311381922,0.0029308272,1.0049350203,100.000000,0.54628571,-0.0042813140,0.0760115125
5381,5.4310036517,0.0034167887,1.0049358187,100.000000,0.54628571,-0.0042808591,0.0760115612
5383,5.4307803638,0.0038481143,1.0049366243,100.000000,0.54628571,-0.0042804047,0.0760116140
5385,5.4304669707,0.0042221987,1.0049374369,100.000000,0.54628571,-0.0042799506,0.0760116684
5387,5.4300634612,0.0045369870,1.0049382564,100.000000,0.54628571,-0.0042794965,0.0760117223
5389,5.4295712209,0.0047909725,1.0049390824,100.000000,0.54628571,-0.0042790422,0.0760117736
5391,5.4289930368,0.0049831922,1.0049399147,100.000000,0.54628571,-0.0042785876,0.0760118205
5393,5.4283330531,0.0051132172,1.0049407529,100.000000,0.54628571,-0.0042781324,0.0760118613
5395,5.4275966835,0.0051811391,1.0049415967,100.000000,0.54628571,-0.0042776763,0.0760118946
5397,5.4267904825,0.0051875521,1.0049424456,100.000000,0.54628571,-0.0042772193,0.0760119193
5399,5.4259219827,0.0051335292,1.0049432993,100.000000,0.54628571,-0.0042767610,0.0760119344
5401,5.4249995045,0.0050205953,1.0049441572,100.000000,0.54628571,-0.0042763014,0.0760119392
5403,5.4240319467,0.0048506947,1.0049450190,100.000000,0.54628571,-0.0042758403,0.0760119334
5405,5.4230285667,0.0046261557,1.0049458842,100.000000,0.54628571,-0.0042753774,0.0760119170
5407,5.4219987581,0.0043496526,1.0049467522,100.000000,0.54628571,-0.0042749126,0.0760118901
5409,5.4209518357,0.0040241654,1.0049476226,100.000000,0.54628571,-0.0042744459,0.0760118533
5411,5.4198968332,0.0036529393,1.0049484948,100.000000,0.54628571,-0.0042739770,0.0760118073
5413,5.4188423222,0.0032394436,1.0049493684,100.000000,0.54628571,-0.0042735058,0.0760117530
5415,5.4177962574,0.0027873328,1.0049502428,100.000000,0.54628571,-0.0042730323,0.0760116914
5417,5.4167658513,0.0023004086,1.0049511175,100.000000,0.54628571,-0.0042725563,0.0760116236
5419,5.4157574820,0.0017825856,1.0049519920,100.000000,0.54628571,-0.0042720777,0.0760115507
5421,5.4147766345,0.0012378582,1.0049528658,100.000000,0.54628571,-0.0042715964,0.0760114736
5423,5.4138278763,0.0006702729,1.0049537384,100.000000,0.54628571,-0.0042711124,0.0760113929
5425,5.4129148638,0.0000839013,1.0049546094,100.000000,0.54628571,-0.0042706256,0.0760113092
5427,5.4120403795,-0.0005171823,1.0049554782,100.000000,0.54628571,-0.0042701358,0.0760112223
5429,5.4112063941,-0.0011289210,1.0049563444,100.000000,0.54628571,-0.0042696431,0.0760111316
5431,5.4104141506,-0.0017472936,1.0049572076,100.000000,0.54628571,-0.0042691474,0.0760110362
5433,5.4096642654,-0.0023683298,1.0049580673,100.000000,0.54628571,-0.0042686486,0.0760109342
5435,5.4089568417,-0.0029881242,1.0049589231,100.000000,0.54628571,-0.0042681467,0.0760108234
5437,5.4082915894,-0.0036028482,1.0049597745,100.000000,0.54628571,-0.0042676416,0.0760107008
5439,5.4076679477,-0.0042087605,1.0049606212,100.000000,0.54628571,-0.0042671333,0.0760105630
5441,5.4070852062,-0.0048022159,1.0049614626,100.000000,0.54628571,-0.0042666218,0.0760104059
5443,5.4065426184,-0.0053796716,1.0049622984,100.000000,0.54628571,-0.0042661070,0.0760102250
5445,5.4060395075,-0.0059376929,1.0049631282,100.000000,0.54628571,-0.0042655890,0.0760100158
5447,5.4055753576,-0.0064729563,1.0049639515,100.000000,0.54628571,-0.0042650676,0.0760097734
5449,5.4051498924,-0.0069822506,1.0049647681,100.000000,0.54628571,-0.0042645430,0.0760094930
5451,5.4047631355,-0.0074624768,1.0049655773,100.000000,0.54628571,-0.0042640151,0.0760091700
5453,5.4044154549,-0.0079106468,1.0049663789,100.000000,0.54628571,-0.0042634840,0.0760088003
5455,5.4041075885,-0.0083238811,1.0049671726,100.000000,0.54628571,-0.0042629496,0.0760083802
5457,5.4038406532,-0.0086994069,1.0049679578,100.000000,0.54628571,-0.0042624121,0.0760079069
5459,5.4036161356,-0.0090345572,1.0049687342,100.000000,0.54628571,-0.0042618714,0.0760073782
5461,5.4034358673,-0.0093267722,1.0049695016,100.000000,0.54628571,-0.0042613277,0.0760067929
5463,5.4033019847,-0.0095736036,1.0049702596,100.000000,0.54628571,-0.0042607809,0.0760061511
5465,5.4032168764,-0.0097727240,1.0049710079,100.000000,0.54628571,-0.0042602312,0.0760054535
5467,5.4031831174,-0.0099219414,1.0049717462,100.000000,0.54628571,-0.0042596788,0.0760047020
5469,5.4032033953,-0.0100192193,1.0049724744,100.000000,0.54628571,-0.0042591236,0.0760038995
5471,5.4032804278,-0.0100627038,1.0049731923,100.000000,0.54628571,-0.0042585658,0.0760030497
5473,5.4034168748,-0.0100507573,1.0049738997,100.000000,0.54628571,-0.0042580056,0.0760021570
5475,5.4036152477,-0.0099819984,1.0049745966,100.000000,0.54628571,-0.0042574431,0.0760012265
5477,5.4038778173,-0.0098553458,1.0049752830,100.000000,0.54628571,-0.0042568785,0.0760002636
5479,5.4042065234,-0.0096700681,1.0049759587,100.000000,0.54628571,-0.0042563119,0.0759992739
5481,5.4046028878,-0.0094258344,1.0049766241,100.000000,0.54628571,-0.0042557436,0.0759982629
5483,5.4050679332,-0.0091227663,1.0049772790,100.000000,0.54628571,-0.0042551738,0.0759972363
5485,5.4056021109,-0.0087614872,1.0049779238,100.000000,0.54628571,-0.0042546026,0.0759961991
5487,5.4062052391,-0.0083431688,1.0049785587,100.000000,0.54628571,-0.0042540303,0.0759951561
5489,5.4068764526,-0.0078695704,1.0049791838,100.000000,0.54628571,-0.0042534572,0.0759941113
5491,5.4076141691,-0.0073430713,1.0049797996,100.000000,0.54628571,-0.0042528834,0.0759930683
5493,5.4084160698,-0.0067666923,1.0049804064,100.000000,0.54628571,-0.0042523092,0.0759920297
5495,5.4092790988,-0.0061441059,1.0049810045,100.000000,0.54628571,-0.0042517348,0.0759909977
5497,5.4101994804,-0.0054796348,1.0049815944,100.000000,0.54628571,-0.0042511605,0.0759899738
5499,5.4111727555,-0.0047782360,1.0049821765,100.000000,0.54628571,-0.0042505864,0.0759889587
5501,5.4121938366,-0.0040454715,1.0049827513,100.000000,0.54628571,-0.0042500129,0.0759879528
5503,5.4132570815,-0.0032874658,1.0049833193,100.000000,0.54628571,-0.0042494401,0.0759869563
5505,5.4143563827,-0.0025108494,1.0049838809,100.000000,0.54628571,-0.0042488682,0.0759859687
5507,5.4154852731,-0.0017226902,1.0049844365,100.000000,0.54628571,-0.0042482974,0.0759849899
5509,5.4166370421,-0.0009304132,1.0049849868,100.000000,0.54628571,-0.0042477279,0.0759840195
5511,5.4178048623,-0.0001417096,1.0049855322,100.000000,0.54628571,-0.0042471599,0.0759830573
5513,5.4189819209,0.0006355625,1.0049860732,100.000000,0.54628571,-0.0042465934,0.0759821036
5515,5.4201615520,0.0013934850,1.0049866103,100.000000,0.54628571,-0.0042460287,0.0759811587
5517,5.4213373667,0.0021241912,1.0049871439,100.000000,0.54628571,-0.0042454657,0.0759802237
5519,5.4225033755,0.0028199810,1.0049876746,100.000000,0.54628571,-0.0042449048,0.0759792997
5521,5.4236540984,0.0034734364,1.0049882027,100.000000,0.54628571,-0.0042443458,0.0759783887
5523,5.4247846603,0.0040775368,1.0049887287,100.000000,0.54628571,-0.0042437890,0.0759774929
5525,5.4258908654,0.0046257689,1.0049892532,100.000000,0.54628571,-0.0042432343,0.0759766149
5527,5.4269692501,0.0051122317,1.0049897764,100.000000,0.54628571,-0.0042426820,0.0759757575
5529,5.4280171102,0.0055317322,1.0049902990,100.000000,0.54628571,-0.0042421319,0.0759749241
5531,5.4290325015,0.0058798701,1.0049908212,100.000000,0.54628571,-0.0042415841,0.0759741179
5533,5.4300142132,0.0061531091,1.0049913435,100.000000,0.54628571,-0.0042410388,0.0759733422
5535,5.4309617144,0.0063488331,1.0049918664,100.000000,0.54628571,-0.0042404958,0.0759726001
5537,5.4318750755,0.0064653853,1.0049923903,100.000000,0.54628571,-0.0042399553,0.0759718947
5539,5.4327548661,0.0065020891,1.0049929155,100.000000,0.54628571,-0.0042394173,0.0759712287
5541,5.4336020346,0.0064592502,1.0049934425,100.000000,0.54628571,-0.0042388817,0.0759706044
5543,5.4344177717,0.0063381397,1.0049939718,100.000000,0.54628571,-0.0042383486,0.0759700236
5545,5.4352033648,0.0061409588,1.0049945036,100.000000,0.54628571,-0.0042378180,0.0759694877
5547,5.4359600482,0.0058707864,1.0049950385,100.000000,0.54628571,-0.0042372899,0.0759689976
5549,5.4366888556,0.0055315110,1.0049955768,100.000000,0.54628571,-0.0042367642,0.0759685533
5551,5.4373904803,0.0051277491,1.0049961189,100.000000,0.54628571,-0.0042362410,0.0759681548
5553,5.4380651506,0.0046647544,1.0049966652,100.000000,0.54628571,-0.0042357202,0.0759678012
5555,5.4387125252,0.0041483177,1.0049972161,100.000000,0.54628571,-0.0042352019,0.0759674913
5557,5.4393316141,0.0035846645,1.0049977720,100.000000,0.54628571,-0.0042346859,0.0759672235
5559,5.4399207290,0.0029803496,1.0049983330,100.000000,0.54628571,-0.0042341723,0.0759669957
5561,5.4404774670,0.0023421553,1.0049988997,100.000000,0.54628571,-0.0042336609,0.0759668058
5563,5.4409987283,0.0016769919,1.0049994722,100.000000,0.54628571,-0.0042331519,0.0759666513
5565,5.4414807696,0.0009918067,1.0050000508,100.000000,0.54628571,-0.0042326450,0.0759665297
5567,5.4419192909,0.0002934995,1.0050006358,100.000000,0.54628571,-0.0042321402,0.0759664383
5569,5.4423095540,-0.0004111524,1.0050012274,100.000000,0.54628571,-0.0042316374,0.0759663745
5571,5.4426465282,-0.0011155594,1.0050018257,100.000000,0.54628571,-0.0042311366,0.0759663359
5573,5.4429250577,-0.0018133754,1.0050024309,100.000000,0.54628571,-0.0042306376,0.0759663199
5575,5.4431400446,-0.0024985458,1.0050030430,100.000000,0.54628571,-0.0042301402,0.0759663242
5577,5.4432866397,-0.0031653456,1.0050036622,100.000000,0.54628571,-0.0042296444,0.0759663466
5579,5.4433604347,-0.0038084115,1.0050042883,100.000000,0.54628571,-0.0042291500,0.0759663850
5581,5.4433576451,-0.0044227680,1.0050049215,100.000000,0.54628571,-0.0042286568,0.0759664374
5583,5.4432752802,-0.0050038474,1.0050055616,100.000000,0.54628571,-0.0042281647,0.0759665022
5585,5.4431112882,-0.0055475069,1.0050062085,100.000000,0.54628571,-0.0042276734,0.0759665777
5587,5.4428646752,-0.0060500413,1.0050068622,100.000000,0.54628571,-0.0042271828,0.0759666623
5589,5.4425355888,-0.0065081924,1.0050075223,100.000000,0.54628571,-0.0042266926,0.0759667548
5591,5.4421253661,-0.0069191566,1.0050081887,100.000000,0.54628571,-0.0042262027,0.0759668537
5593,5.4416365416,-0.0072805887,1.0050088612,100.000000,0.54628571,-0.0042257127,0.0759669580
5595,5.4410728168,-0.0075906031,1.0050095394,100.000000,0.54628571,-0.0042252226,0.0759670665
5597,5.4404389917,-0.0078477712,1.0050102230,100.000000,0.54628571,-0.0042247321,0.0759671784
5599,5.4397408612,-0.0080511166,1.0050109118,100.000000,0.54628571,-0.0042242410,0.0759672928
5601,5.4389850821,-0.0082001051,1.0050116052,100.000000,0.54628571,-0.0042237490,0.0759674089
5603,5.4381790147,-0.0082946318,1.0050123030,100.000000,0.54628571,-0.0042232560,0.0759675261
5605,5.4373305459,-0.0083350044,1.0050130047,100.000000,0.54628571,-0.0042227618,0.0759676440
5607,5.4364479020,-0.0083219224,1.0050137099,100.000000,0.54628571,-0.0042222662,0.0759677621
5609,5.4355394570,-0.0082564540,1.0050144182,100.000000,0.54628571,-0.0042217691,0.0759678803
5611,5.4346135435,-0.0081400093,1.0050151291,100.000000,0.54628571,-0.0042212703,0.0759679982
5613,5.4336782748,-0.0079743126,1.0050158422,100.000000,0.54628571,-0.0042207696,0.0759681159
5615,5.4327413814,-0.0077613729,1.0050165569,100.000000,0.54628571,-0.0042202670,0.0759682333
5617,5.4318100693,-0.0075034536,1.0050172729,100.000000,0.54628571,-0.0042197623,0.0759683501
5619,5.4308909026,-0.0072030436,1.0050179896,100.000000,0.54628571,-0.0042192554,0.0759684665
5621,5.4299897142,-0.0068628280,1.0050187067,100.000000,0.54628571,-0.0042187462,0.0759685819
5623,5.4291115452,-0.0064856612,1.0050194236,100.000000,0.54628571,-0.0042182346,0.0759686962
5625,5.4282606140,-0.0060745415,1.0050201400,100.000000,0.54628571,-0.0042177206,0.0759688086
5627,5.4274403143,-0.0056325883,1.0050208552,100.000000,0.54628571,-0.0042172041,0.0759689181
5629,5.4266532394,-0.0051630204,1.0050215690,100.000000,0.54628571,-0.0042166850,0.0759690235
5631,5.4259012315,-0.0046691384,1.0050222809,100.000000,0.54628571,-0.0042161634,0.0759691232
5633,5.4251854514,-0.0041543074,1.0050229904,100.000000,0.54628571,-0.0042156390,0.0759692150
5635,5.4245064651,-0.0036219428,1.0050236971,100.000000,0.54628571,-0.0042151120,0.0759692964
5637,5.4238643437,-0.0030754975,1.0050244007,100.000000,0.54628571,-0.0042145823,0.0759693645
5639,5.4232587714,-0.0025184505,1.0050251006,100.000000,0.54628571,-0.0042140498,0.0759694159
5641,5.4226891581,-0.0019542970,1.0050257965,100.000000,0.54628571,-0.0042135146,0.0759694468
5643,5.4221547516,-0.0013865396,1.0050264880,100.000000,0.54628571,-0.0042129766,0.0759694533
5645,5.4216547466,-0.0008186803,1.0050271747,100.000000,0.54628571,-0.0042124358,0.0759694312
5647,5.4211883862,-0.0002542138,1.0050278562,100.000000,0.54628571,-0.0042118922,0.0759693760
5649,5.4207550533,0.0003033784,1.0050285320,100.000000,0.54628571,-0.0042113459,0.0759692835
5651,5.4203543492,0.0008506330,1.0050292019,100.000000,0.54628571,-0.0042107967,0.0759691494
5653,5.4199861586,0.0013841097,1.0050298654,100.000000,0.54628571,-0.0042102448,0.0759689699
5655,5.4196506970,0.0019003948,1.0050305221,100.000000,0.54628571,-0.0042096901,0.0759687415
5657,5.4193485434,0.0023961052,1.0050311717,100.000000,0.54628571,-0.0042091328,0.0759684611
5659,5.4190806546,0.0028678923,1.0050318138,100.000000,0.54628571,-0.0042085727,0.0759681267
5661,5.4188483631,0.0033124471,1.0050324481,100.000000,0.54628571,-0.0042080100,0.0759677365
5663,5.4186533593,0.0037265068,1.0050330742,100.000000,0.54628571,-0.0042074447,0.0759672900
5665,5.4184976576,0.0041068631,1.0050336919,100.000000,0.54628571,-0.0042068768,0.0759667874
5667,5.4183835503,0.0044503745,1.0050343009,100.000000,0.54628571,-0.0042063065,0.0759662298
5669,5.4183135475,0.0047539817,1.0050349009,100.000000,0.54628571,-0.0042057338,0.0759656192
5671,5.4182903086,0.0050147283,1.0050354918,100.000000,0.54628571,-0.0042051588,0.0759649584
5673,5.4183165644,0.0052297854,1.0050360733,100.000000,0.54628571,-0.0042045816,0.0759642511
5675,5.4183950339,0.0053964831,1.0050366453,100.000000,0.54628571,-0.0042040023,0.0759635016
5677,5.4185283376,0.0055123458,1.0050372077,100.000000,0.54628571,-0.0042034210,0.0759627146
5679,5.4187189092,0.0055751339,1.0050377606,100.000000,0.54628571,-0.0042028379,0.0759618953
5681,5.4189689087,0.0055828885,1.0050383037,100.000000,0.54628571,-0.0042022531,0.0759610491
5683,5.4192801389,0.0055339808,1.0050388373,100.000000,0.54628571,-0.0042016667,0.0759601815
5685,5.4196539676,0.0054271626,1.0050393614,100.000000,0.54628571,-0.0042010790,0.0759592978
5687,5.4200912576,0.0052616175,1.0050398761,100.000000,0.54628571,-0.0042004900,0.0759584030
5689,5.4205923072,0.0050370116,1.0050403816,100.000000,0.54628571,-0.0041999000,0.0759575018
5691,5.4211568019,0.0047535400,1.0050408782,100.000000,0.54628571,-0.0041993092,0.0759565985
5693,5.4217837797,0.0044119691,1.0050413661,100.000000,0.54628571,-0.0041987178,0.0759556967
5695,5.4224716115,0.0040136717,1.0050418455,100.000000,0.54628571,-0.0041981258,0.0759547994
5697,5.4232179965,0.0035606540,1.0050423168,100.000000,0.54628571,-0.0041975337,0.0759539090
5699,5.4240199753,0.0030555724,1.0050427805,100.000000,0.54628571,-0.0041969415,0.0759530272
5701,5.4248739582,0.0025017392,1.0050432368,100.000000,0.54628571,-0.0041963495,0.0759521552
5703,5.4257757708,0.0019031161,1.0050436861,100.000000,0.54628571,-0.0041957578,0.0759512939
5705,5.4267207150,0.0012642960,1.0050441289,100.000000,0.54628571,-0.0041951667,0.0759504433
5707,5.4277036446,0.0005904706,1.0050445656,100.000000,0.54628571,-0.0041945763,0.0759496036
5709,5.4287190529,-0.0001126135,1.0050449967,100.000000,0.54628571,-0.0041939868,0.0759487745
5711,5.4297611714,-0.0008387114,1.0050454225,100.000000,0.54628571,-0.0041933984,0.0759479558
5713,5.4308240761,-0.0015811481,1.0050458436,100.000000,0.54628571,-0.0041928113,0.0759471472
5715,5.4319017978,-0.0023328969,1.0050462604,100.000000,0.54628571,-0.0041922255,0.0759463486
5717,5.4329884348,-0.0030866670,1.0050466732,100.000000,0.54628571,-0.0041916413,0.0759455602
5719,5.4340782621,-0.0038349990,1.0050470826,100.000000,0.54628571,-0.0041910587,0.0759447824
5721,5.4351658356,-0.0045703661,1.0050474890,100.000000,0.54628571,-0.0041904779,0.0759440160
5723,5.4362460866,-0.0052852800,1.0050478928,100.000000,0.54628571,-0.0041898990,0.0759432621
5725,5.4373144033,-0.0059723984,1.0050482944,100.000000,0.54628571,-0.0041893220,0.0759425221
5727,5.4383666969,-0.0066246326,1.0050486943,100.000000,0.54628571,-0.0041887471,0.0759417980
5729,5.4393994490,-0.0072352536,1.0050490928,100.000000,0.54628571,-0.0041881744,0.0759410918
5731,5.4404097388,-0.0077979926,1.0050494904,100.000000,0.54628571,-0.0041876039,0.0759404060
5733,5.4413952493,-0.0083071366,1.0050498875,100.000000,0.54628571,-0.0041870356,0.0759397429
5735,5.4423542507,-0.0087576133,1.0050502844,100.000000,0.54628571,-0.0041864697,0.0759391054
5737,5.4432855629,-0.0091450670,1.0050506816,100.000000,0.54628571,-0.0041859061,0.0759384959
5739,5.4441884972,-0.0094659204,1.0050510794,100.000000,0.54628571,-0.0041853450,0.0759379169
5741,5.4450627799,-0.0097174233,1.0050514783,100.000000,0.54628571,-0.0041847863,0.0759373709
5743,5.4459084598,-0.0098976851,1.0050518786,100.000000,0.54628571,-0.0041842301,0.0759368599
5745,5.4467258045,-0.0100056916,1.0050522808,100.000000,0.54628571,-0.0041836764,0.0759363856
5747,5.4475151876,-0.0100413052,1.0050526851,100.000000,0.54628571,-0.0041831253,0.0759359496
5749,5.4482769736,-0.0100052481,1.0050530921,100.000000,0.54628571,-0.0041825766,0.0759355527
5751,5.4490114031,-0.0098990713,1.0050535021,100.000000,0.54628571,-0.0041820305,0.0759351957
5753,5.4497184848,-0.0097251075,1.0050539155,100.000000,0.54628571,-0.0041814869,0.0759348786
5755,5.4503978984,-0.0094864127,1.0050543326,100.000000,0.54628571,-0.0041809459,0.0759346014
5757,5.4510489132,-0.0091866963,1.0050547539,100.000000,0.54628571,-0.0041804073,0.0759343632
5759,5.4516703260,-0.0088302429,1.0050551796,100.000000,0.54628571,-0.0041798713,0.0759341633
5761,5.4522604219,-0.0084218290,1.0050556101,100.000000,0.54628571,-0.0041793377,0.0759340003
5763,5.4528169603,-0.0079666359,1.0050560457,100.000000,0.54628571,-0.0041788065,0.0759338727
5765,5.4533371884,-0.0074701619,1.0050564867,100.000000,0.54628571,-0.0041782776,0.0759337787
5767,5.4538178808,-0.0069381370,1.0050569335,100.000000,0.54628571,-0.0041777511,0.0759337165
5769,5.4542554064,-0.0063764398,1.0050573861,100.000000,0.54628571,-0.0041772268,0.0759336841
5771,5.4546458194,-0.0057910210,1.0050578449,100.000000,0.54628571,-0.0041767047,0.0759336794
5773,5.4549849722,-0.0051878329,1.0050583101,100.000000,0.54628571,-0.0041761846,0.0759337004
5775,5.4552686458,-0.0045727654,1.0050587818,100.000000,0.54628571,-0.0041756666,0.0759337450
5777,5.4554926924,-0.0039515909,1.0050592600,100.000000,0.54628571,-0.0041751504,0.0759338113
5779,5.4556531861,-0.0033299154,1.0050597450,100.000000,0.54628571,-0.0041746359,0.0759338972
5781,5.4557465739,-0.0027131372,1.0050602368,100.000000,0.54628571,-0.0041741230,0.0759340010
5783,5.4557698229,-0.0021064123,1.0050607353,100.000000,0.54628571,-0.0041736116,0.0759341210
5785,5.4557205551,-0.0015146250,1.0050612405,100.000000,0.54628571,-0.0041731014,0.0759342553
5787,5.4555971674,-0.0009423638,1.0050617524,100.000000,0.54628571,-0.0041725924,0.0759344026
5789,5.4553989284,-0.0003939017,1.0050622708,100.000000,0.54628571,-0.0041720843,0.0759345612
5791,5.4551260504,0.0001268204,1.0050627957,100.000000,0.54628571,-0.0041715769,0.0759347297
5793,5.4547797326,0.0006162068,1.0050633268,100.000000,0.54628571,-0.0041710701,0.0759349069
5795,5.4543621726,0.0010710177,1.0050638639,100.000000,0.54628571,-0.0041705637,0.0759350915
5797,5.4538765477,0.0014883766,1.0050644068,100.000000,0.54628571,-0.0041700574,0.0759352823
5799,5.4533269646,0.0018657763,1.0050649552,100.000000,0.54628571,-0.0041695510,0.0759354783
5801,5.4527183811,0.0022010813,1.0050655089,100.000000,0.54628571,-0.0041690444,0.0759356784
5803,5.4520565017,0.0024925280,1.0050660674,100.000000,0.54628571,-0.0041685373,0.0759358816
5805,5.4513476515,0.0027387222,1.0050666306,100.000000,0.54628571,-0.0041680295,0.0759360872
5807,5.4505986345,0.0029386329,1.0050671979,100.000000,0.54628571,-0.0041675210,0.0759362944
5809,5.4498165796,0.0030915846,1.0050677690,100.000000,0.54628571,-0.0041670114,0.0759365025
5811,5.4490087815,0.0031972453,1.0050683435,100.000000,0.54628571,-0.0041665006,0.0759367109
5813,5.4481825428,0.0032556129,1.0050689211,100.000000,0.54628571,-0.0041659885,0.0759369190
5815,5.4473450204,0.0032669992,1.0050695013,100.000000,0.54628571,-0.0041654750,0.0759371264
5817,5.4465030846,0.0032320120,1.0050700837,100.000000,0.54628571,-0.0041649598,0.0759373325
5819,5.4456631924,0.0031515358,1.0050706679,100.000000,0.54628571,-0.0041644429,0.0759375368
5821,5.4448312803,0.0030267117,1.0050712534,100.000000,0.54628571,-0.0041639243,0.0759377387
5823,5.4440126796,0.0028589181,1.0050718398,100.000000,0.54628571,-0.0041634037,0.0759379376
5825,5.4432120541,0.0026497501,1.0050724268,100.000000,0.54628571,-0.0041628811,0.0759381327
5827,5.4424333638,0.0024010012,1.0050730139,100.000000,0.54628571,-0.0041623565,0.0759383229
5829,5.4416798514,0.0021146454,1.0050736007,100.000000,0.54628571,-0.0041618297,0.0759385071
5831,5.4409540535,0.0017928210,1.0050741867,100.000000,0.54628571,-0.0041613008,0.0759386839
5833,5.4402578330,0.0014378160,1.0050747716,100.000000,0.54628571,-0.0041607696,0.0759388514
5835,5.4395924303,0.0010520548,1.0050753550,100.000000,0.54628571,-0.0041602362,0.0759390076
5837,5.4389585317,0.0006380870,1.0050759364,100.000000,0.54628571,-0.0041597005,0.0759391501
5839,5.4383563503,0.0001985775,1.0050765155,100.000000,0.54628571,-0.0041591625,0.0759392764
5841,5.4377857169,-0.0002637028,1.0050770919,100.000000,0.54628571,-0.0041586221,0.0759393835
5843,5.4372461767,-0.0007458841,1.0050776652,100.000000,0.54628571,-0.0041580793,0.0759394682
5845,5.4367370887,-0.0012450048,1.0050782350,100.000000,0.54628571,-0.0041575341,0.0759395272
5847,5.4362577238,-0.0017580177,1.0050788009,100.000000,0.54628571,-0.0041569865,0.0759395570
5849,5.4358073594,-0.0022817959,1.0050793626,100.000000,0.54628571,-0.0041564366,0.0759395543
5851,5.4353853667,-0.0028131379,1.0050799196,100.000000,0.54628571,-0.0041558841,0.0759395156
5853,5.4349912883,-0.0033487732,1.0050804716,100.000000,0.54628571,-0.0041553293,0.0759394376
5855,5.4346249048,-0.0038853677,1.0050810183,100.000000,0.54628571,-0.0041547720,0.0759393176
5857,5.4342862877,-0.0044195286,1.0050815592,100.000000,0.54628571,-0.0041542123,0.0759391528
5859,5.4339758380,-0.0049478109,1.0050820941,100.000000,0.54628571,-0.0041536503,0.0759389412
5861,5.4336943100,-0.0054667235,1.0050826226,100.000000,0.54628571,-0.0041530858,0.0759386812
5863,5.4334428188,-0.0059727370,1.0050831444,100.000000,0.54628571,-0.0041525190,0.0759383721
5865,5.4332228333,-0.0064622923,1.0050836591,100.000000,0.54628571,-0.0041519499,0.0759380136
5867,5.4330361540,-0.0069318115,1.0050841665,100.000000,0.54628571,-0.0041513785,0.0759376062
5869,5.4328848770,-0.0073777114,1.0050846663,100.000000,0.54628571,-0.0041508049,0.0759371512
5871,5.4327713455,-0.0077964194,1.0050851583,100.000000,0.54628571,-0.0041502291,0.0759366506
5873,5.4326980904,-0.0081843937,1.0050856423,100.000000,0.54628571,-0.0041496513,0.0759361071
5875,5.4326677615,-0.0085381468,1.0050861181,100.000000,0.54628571,-0.0041490715,0.0759355238
5877,5.4326830515,-0.0088542742,1.0050865855,100.000000,0.54628571,-0.0041484897,0.0759349047
5879,5.4327466158,-0.0091294870,1.0050870445,100.000000,0.54628571,-0.0041479062,0.0759342540
5881,5.4328609888,-0.0093606495,1.0050874949,100.000000,0.54628571,-0.0041473210,0.0759335760
5883,5.4330285006,-0.0095448211,1.0050879368,100.000000,0.54628571,-0.0041467342,0.0759328757
5885,5.4332511955,-0.0096793021,1.0050883702,100.000000,0.54628571,-0.0041461460,0.0759321576
5887,5.4335307555,-0.0097616823,1.0050887950,100.000000,0.54628571,-0.0041455565,0.0759314264
5889,5.4338684297,-0.0097898921,1.0050892115,100.000000,0.54628571,-0.0041449658,0.0759306865
5891,5.4342649729,-0.0097622535,1.0050896198,100.000000,0.54628571,-0.0041443742,0.0759299420
5893,5.4347205953,-0.0096775315,1.0050900199,100.000000,0.54628571,-0.0041437818,0.0759291966
5895,5.4352349233,-0.0095349822,1.0050904122,100.000000,0.54628571,-0.0041431887,0.0759284535
5897,5.4358069753,-0.0093343976,1.0050907969,100.000000,0.54628571,-0.0041425952,0.0759277153
5899,5.4364351502,-0.0090761448,1.0050911743,100.000000,0.54628571,-0.0041420013,0.0759269842
5901,5.4371172329,-0.0087611976,1.0050915446,100.000000,0.54628571,-0.0041414074,0.0759262616
5903,5.4378504140,-0.0083911598,1.0050919082,100.000000,0.54628571,-0.0041408136,0.0759255487
5905,5.4386313243,-0.0079682795,1.0050922654,100.000000,0.54628571,-0.0041402200,0.0759248460
5907,5.4394560849,-0.0074954511,1.0050926167,100.000000,0.54628571,-0.0041396269,0.0759241538
5909,5.4403203687,-0.0069762076,1.0050929623,100.000000,0.54628571,-0.0041390344,0.0759234718
5911,5.4412194754,-0.0064146998,1.0050933027,100.000000,0.54628571,-0.0041384427,0.0759227998
5913,5.4421484145,-0.0058156638,1.0050936383,100.000000,0.54628571,-0.0041378520,0.0759221372
5915,5.4431019965,-0.0051843776,1.0050939694,100.000000,0.54628571,-0.0041372624,0.0759214837
5917,5.4440749284,-0.0045266053,1.0050942965,100.000000,0.54628571,-0.0041366741,0.0759208387
5919,5.4450619105,-0.0038485314,1.0050946200,100.000000,0.54628571,-0.0041360872,0.0759202020
5921,5.4460577325,-0.0031566859,1.0050949402,100.000000,0.54628571,-0.0041355018,0.0759195735
5923,5.4470573647,-0.0024578609,1.0050952576,100.000000,0.54628571,-0.0041349181,0.0759189533
5925,5.4480560418,-0.0017590203,1.0050955726,100.000000,0.54628571,-0.0041343361,0.0759183419
5927,5.4490493365,-0.0010672050,1.0050958855,100.000000,0.54628571,-0.0041337561,0.0759177400
5929,5.4500332203,-0.0003894345,1.0050961968,100.000000,0.54628571,-0.0041331780,0.0759171488
5931,5.4510041094,0.0002673928,1.0050965068,100.000000,0.54628571,-0.0041326020,0.0759165696
5933,5.4519588939,0.0008965986,1.0050968160,100.000000,0.54628571,-0.0041320281,0.0759160038
5935,5.4528949498,0.0014918213,1.0050971246,100.000000,0.54628571,-0.0041314564,0.0759154533
5937,5.4538101323,0.0020471075,1.0050974331,100.000000,0.54628571,-0.0041308870,0.0759149200
5939,5.4547027522,0.0025569973,1.0050977418,100.000000,0.54628571,-0.0041303199,0.0759144059
5941,5.4555715347,0.0030166007,1.0050980511,100.000000,0.54628571,-0.0041297552,0.0759139129
5943,5.4564155639,0.0034216640,1.0050983614,100.000000,0.54628571,-0.0041291929,0.0759134429
5945,5.4572342132,0.0037686245,1.0050986731,100.000000,0.54628571,-0.0041286330,0.0759129978
5947,5.4580270669,0.0040546522,1.0050989864,100.000000,0.54628571,-0.0041280757,0.0759125792
5949,5.4587938337,0.0042776777,1.0050993019,100.000000,0.54628571,-0.0041275208,0.0759121886
5951,5.4595342575,0.0044364061,1.0050996198,100.000000,0.54628571,-0.0041269685,0.0759118271
5953,5.4602480286,0.0045303165,1.0050999406,100.000000,0.54628571,-0.0041264187,0.0759114957
5955,5.4609346991,0.0045596470,1.0051002645,100.000000,0.54628571,-0.0041258714,0.0759111948
5957,5.4615936062,0.0045253673,1.0051005920,100.000000,0.54628571,-0.0041253267,0.0759109250
5959,5.4622238082,0.0044291390,1.0051009234,100.000000,0.54628571,-0.0041247845,0.0759106862
5961,5.4628240334,0.0042732652,1.0051012590,100.000000,0.54628571,-0.0041242448,0.0759104783
5963,5.4633926484,0.0040606314,1.0051015991,100.000000,0.54628571,-0.0041237077,0.0759103007
5965,5.4639276444,0.0037946403,1.0051019442,100.000000,0.54628571,-0.0041231729,0.0759101529
5967,5.4644266445,0.0034791417,1.0051022944,100.000000,0.54628571,-0.0041226406,0.0759100339
5969,5.4648869322,0.0031183595,1.0051026500,100.000000,0.54628571,-0.0041221107,0.0759099428
5971,5.4653054999,0.0027168192,1.0051030114,100.000000,0.54628571,-0.0041215831,0.0759098784
5973,5.4656791171,0.0022792763,1.0051033786,100.000000,0.54628571,-0.0041210578,0.0759098397
5975,5.4660044151,0.0018106476,1.0051037520,100.000000,0.54628571,-0.0041205346,0.0759098252
5977,5.4662779858,0.0013159472,1.0051041317,100.000000,0.54628571,-0.0041200136,0.0759098339
5979,5.4664964919,0.0008002275,1.0051045179,100.000000,0.54628571,-0.0041194945,0.0759098644
5981,5.4666567818,0.0002685255,1.0051049106,100.000000,0.54628571,-0.0041189773,0.0759099155
5983,5.4667560081,-0.0002741837,1.0051053099,100.000000,0.54628571,-0.0041184619,0.0759099860
5985,5.4667917422,-0.0008230292,1.0051057159,100.000000,0.54628571,-0.0041179481,0.0759100746
5987,5.4667620818,-0.0013732791,1.0051061286,100.000000,0.54628571,-0.0041174359,0.0759101802
5989,5.4666657472,-0.0019203710,1.0051065479,100.000000,0.54628571,-0.0041169249,0.0759103017
5991,5.4665021612,-0.0024599384,1.0051069738,100.000000,0.54628571,-0.0041164152,0.0759104380
5993,5.4662715097,-0.0029878313,1.0051074061,100.000000,0.54628571,-0.0041159064,0.0759105882
5995,5.4659747816,-0.0035001350,1.0051078448,100.000000,0.54628571,-0.0041153985,0.0759107511
5997,5.4656137838,-0.0039931848,1.0051082896,100.000000,0.54628571,-0.0041148911,0.0759109259
5999,5.4651911329,-0.0044635786,1.0051087404,100.000000,0.54628571,-0.0041143842,0.0759111116
6000,5.4612874901,-0.0035547233,1.0051089681,100.000000,0.54628571,-0.0041142306,0.0759112084
